listing_id,search_title,search_price_text,location,url,title,price_text,price,description,posted_date,view_count,is_active,mileage_km,first_registration,fuel,transmission,scraped_at
3431036662,BMW 320d E91 LCI • 184 PS • Scheckheft • Kette neu • 2. Hand,8.990 € VB,49477 Ibbenbüren,https://www.kleinanzeigen.de/s-anzeige/bmw-320d-e91-lci-184-ps-scheckheft-kette-neu-2-hand/3431036662-216-1913,BMW 320d E91 LCI • 184 PS • Scheckheft • Kette neu • 2. Hand,8.990 € VB,8990,"BMW 320d Touring E91 LCI • 184 PS • 2. Hand • Scheckheft • Steuerkette neu Zum Verkauf steht mein sehr gepflegter BMW 320d Touring (E91 LCI) aus 2. Hand mit nachvollziehbarer Laufleistung. Das Fahrzeug befindet sich in einem sehr guten, gepflegten Zustand und wurde regelmäßig gewartet. Es besteht kein Wartungsstau. Fakten auf einen Blick: 2. Hand Scheckheftgepflegt bei BMW bis 117.000 km Steuerkette inkl. Kettenführungen bereits bei ca. 53.000 km bei BMW erneuert Kein Wartungsstau Technik & Wartung: Motor und Getriebe laufen einwandfrei Ölwechsel regelmäßig durchgeführt (letzter bei ca. 134.500 km) Bremsflüssigkeit erneuert bei ca. 130.000 km Servolenkung inkl. Behälter bei ca. 138.700 km erneuert Ausstattung: Navigationssystem Professional Klimaautomatik Tempomat PDC vorne & hinten Harman Kardon Soundsystem elektrische Anhängerkupplung Komfortpaket Interieurleisten schwarz hochglänzend u. v. m. Räder: Neue Felgen + Goodyear Eagle F1 Asymmetric 6 Reifen (ca. 10 Monate alt) gegen Aufpreis. Sonstiges: Besichtigung und Probefahrt nach Absprache jederzeit möglich Fahrzeug wird noch bewegt, Kilometerstand kann sich leicht ändern Privatverkauf: keine Garantie, Gewährleistung oder Rücknahme.",09.06.2026,445,True,139740,Juni 2010,Diesel,automatik,2026-06-11T00:18:35.999425
3432116446,BMW 320D F31 Top!!,7.000 € VB,40468 Unterrath,https://www.kleinanzeigen.de/s-anzeige/bmw-320d-f31-top-/3432116446-216-29914,BMW 320D F31 Top!!,7.000 € VB,7000,"Guten Tag, Hiermit biete ich unseren schönen F31 zum Verkauf an. Das Auto fährt sich sehr angenehm und ist zuverlässig. Motor, Getriebe und die Elektrik funktionieren einwandfrei. Dank dem M Sportpaket außen sieht er wirklich schick und sportlich aus und ist ein Hingucker. Außerdem hat das Auto eine umfangreiche Ausstattung wie: Großes Navigationssystem Großes Bordcomputer Panorama-Dach Elektrische Heckklappe Head-up-Display … Folgende Reparaturen wurden in der letzten Zeit durchgeführt: Steuerkette bei 240000km Syncronring Rückwärtsgang bei 271000km Getriebeölwechsel bei 271000km Bremsen hinten bei 285000km Ölwechsel bei 285000km Tüv neu bis 04/28 Bremsen vorne bei 293.000 Öl wechsel inkl Filtersatz 293.000 Klimaanlage Desinfiziert vor kurzem Aktueller Km Stand: 293000 Das Auto ist derzeit noch angemeldet und wird gefahren. Eine Probefahrt ist erwünscht und nach Absprache möglich. Das Auto wird abgemeldet übergeben. Bei ernsthaften Interesse können sie mir gerne eine Nachricht hinterlassen.",10.06.2026,31,True,293000,Dezember 2012,Diesel,Manuell,2026-06-11T00:18:41.145021
3432106584,BMW 320d EfficientDynamics - TÜV NEU,8.500 €,48607 Ochtrup,https://www.kleinanzeigen.de/s-anzeige/bmw-320d-efficientdynamics-tuev-neu/3432106584-216-1316,BMW 320d EfficientDynamics - TÜV NEU,8.500 €,8500,"Verkaufe meinen BMW 320d EfficientDynamics Limousine, Baujahr 2012, mit Automatikgetriebe. Der Wagen fährt sich einwandfrei und wird noch täglich bewegt. TÜV wurde erst letzte Woche neu gemacht. In den letzten Monaten wurde ein großer Service durchgeführt, dabei wurden alle Filter erneuert. Außerdem wurden alle BMW-Rückrufaktionen erledigt. Es wurde eine Software- sowie eine Getriebeoptimierung von 163ps auf 221ps gemacht. Das Auto fährt sich seitdem sparsamer. Die Optimierung kann bei Wunsch wieder auf 163ps gemacht werden. Bremsscheiben so wie Bremsbeläge und Stoßdämpfer hinten links und rechts kamen vor kurzem neu. Der BMW ist für sein Alter in einem guten gebrauchten Zustand. Normale altersbedingte Gebrauchsspuren sind natürlich vorhanden. Wird noch täglich bewegt. Besichtigung und Probefahrt sind nach Absprache möglich. Bei Interesse gerne melden. (Kein Notverkauf, am Preis ist nicht großartig was zu machen, bitte unnötige Anfragen vermeiden.)",10.06.2026,63,True,269000,September 2012,Diesel,Automatik,2026-06-11T00:18:46.838019
3432098927,BMW 320d xDrive Touring Sport Line Sport Line,8.900 €,44149 Innenstadt-​West,https://www.kleinanzeigen.de/s-anzeige/bmw-320d-xdrive-touring-sport-line-sport-line/3432098927-216-1108,BMW 320d xDrive Touring Sport Line Sport Line,8.900 €,8900,"Zum Verkauf steht ein BMW 320 Touring, Baujahr 2013, mit 180.000 Kilometern. Die vollständige Servicehistorie wurde bis 2018 bei BMW geführt, danach in freien Werkstätten. Das Fahrzeug ist gut gepflegt: Bremsen, Ölwechsel und Checks wurden regelmäßig gemacht. Es gibt zwei kleinere Beschädigungen, vorne rechts und hinten rechts, die auf den Bildern zu sehen sind. Zusätzlich verfügt das Auto über ein Panoramadach. Mit dabei sind 18-Zoll-Sommerreifen (M-Felge) sowie 17-Zoll-Winterreifen. Bei Fragen stehe ich gerne zur Verfügung. Kombi Gebrauchtfahrzeug Beschädigt, Unfallfrei Hubraum: 1995 cm³ Anzahl der Türen: 4/5 Türen Anzahl Sitzplätze: 5 Schadstoffklasse: Euro5 Umweltplakette: 4 (Grün) Anzahl der Fahrzeughalter: 2 HU: 10/2026 Farbe: Weiß Farbe (Hersteller): -- Innenausstattung: Vollleder Farbe der Innenausstattung: -- Airbags: Fahrer-Airbag Anhängerkupplung: -- Radio: Tuner/Radio, Radio DAB Tagfahrlicht (Art): LED-Tagfahrlicht Ausstattung ABS, Alarmanlage, Armlehne, Berganfahrassistent, Bluetooth, Bordcomputer, CD-Spieler, ESP, Elektr. Fensterheber, Elektr. Heckklappe, Elektr. Seitenspiegel, Elektr. Sitzeinstellung, Freisprecheinrichtung, Gepäckraumabtrennung, Geschwindigkeitsbegrenzer, Isofix, Lederausstattung, Lederlenkrad, Leichtmetallfelgen, Lichtsensor, Multifunktionslenkrad, Navigationssystem, Nebelscheinwerfer, Nichtraucher-Fahrzeug, Notrufsystem, Panorama-Dach, Partikelfilter, Regensensor, Reifendruckkontrolle, Servolenkung, Sitzheizung, Sommerreifen, Sportpaket, Sportsitze, Sprachsteuerung, Start/Stopp-Automatik, Traktionskontrolle, USB, Winterreifen, Xenonscheinwerfer, Zentralverriegelung Der Preis ist Verhandlungsbasis. Privatanbieter 44149 Dortmund Deutschland Tel.: +49 163 8319086 Inserat bereitgestellt von",10.06.2026,110,True,180000,Oktober 2013,Diesel,Manuell,2026-06-11T00:18:52.871870
3432086762,BMW 320d e91,5.900 € VB,58849 Herscheid,https://www.kleinanzeigen.de/s-anzeige/bmw-320d-e91/3432086762-216-1427,BMW 320d e91,5.900 € VB,5900,"Sonderausstattung: Steuerkette, neu Öl Service neu • Ablage-Paket • Audio-Navigationssystem Business mit integrierter Handyvorrüstung • Comfort-Paket • Lendenwirbelstütze Sitz vorn links und rechts, elektr. verstellbar • Lenkrad (Leder) BMW Individual • Licht-Paket • Metallic-Lackierung • Park-Distance-Control (PDC) vorn und hinten • Reifensystem Run-Flat (mit Notlaufeigenschaften) • Sitzheizung vorn • Skisack Serienausstattung: • Airbag Fahrer-/Beifahrerseite • Aktive Kopfstützen • Anti-Blockier-System (ABS) • Außenspiegel elektr. verstellbar. Das Fahrzeuge steht bei meiner Kollege in Hof. Bei Interesse können Sie melden.",10.06.2026,90,True,196066,August 2009,Diesel,Automatik,2026-06-11T00:18:58.143596
3432074836,BMW 320d F30,16.000 €,32361 Preußisch Oldendorf,https://www.kleinanzeigen.de/s-anzeige/bmw-320d-f30/3432074836-216-1217,BMW 320d F30,16.000 €,16000,"BMW 320d, Baujahr 2013, zu verkaufen. Den BMW besitze ich seit Oktober letzten Jahres. Das Fahrzeug befindet sich in einem sehr guten Zustand und hat mir bisher keinerlei Probleme bereitet. Letzte Woche wurde die Hauptuntersuchung (TÜV) erfolgreich erneuert. Sämtliche Servicearbeiten wurden regelmäßig bei BMW durchgeführt. Das Fahrzeug verfügt über ein nachgerüstetes CarPlay-System. Zusätzlich ist das originale BMW-Radio weiterhin vorhanden, sodass jederzeit zwischen CarPlay und dem originalen System gewechselt werden kann. Im April wurden sowohl die Felgen als auch die Reifen erneuert. Aktuell ist der BMW mit 18-Zoll-Felgen und Sommerreifen ausgestattet. Zusätzlich gibt es 16-Zoll-Felgen mit 2 Sätzen Winterreifen dazu. Der BMW war stets zuverlässig und hatte keine technischen Mängel oder sonstigen Probleme, im Oktober letzen Jahren war das Fahrzeug bei bmw und es wurde ein Fahrzeug Check gemacht bei den es keinerlei Mängel gab dazu wurde auch ein Service gemacht sowie auch die Bremsbeläge gewechselt wurden. Der Verkauf erfolgt ausschließlich, da ich auf ein größeres Fahrzeug umsteigen möchte. Privatverkauf, daher erfolgt der Verkauf unter Ausschluss jeglicher Garantie, Gewährleistung sowie Rücknahme.",10.06.2026,59,True,201150,Juni 2026,Diesel,Automatik,2026-06-11T00:19:08.568360
3432053553,BMW 320 d touring,6.500 €,33332 Gütersloh,https://www.kleinanzeigen.de/s-anzeige/bmw-320-d-touring/3432053553-216-1745,BMW 320 d touring,6.500 €,6500,Auto in guten Zustand neues Fahrwerk Getriebeölwechsel neue scheibenbremsen,10.06.2026,73,True,230000,August 2010,Diesel,Automatik,2026-06-11T00:19:13.679292
3432052867,BMW 320d Touring/ Automatik/ Xenon/ Navi,8.900 €,53359 Rheinbach,https://www.kleinanzeigen.de/s-anzeige/bmw-320d-touring-automatik-xenon-navi/3432052867-216-1668,BMW 320d Touring/ Automatik/ Xenon/ Navi,8.900 €,8900,"Herzlich Willkommen bei Autoland Rheinbach zum Verkauf steht einen BMW 320d Touring Motor und Getriebe laufen einwandfrei Service neu Adresse: Boschstraße 1 53359 Rheinbach Öffnungszeiten: Mo.-Sa. 10:00 - 18:00 Uhr Telefon + WhatsApp 017655402447 022269007087 Ausstattung: - Abgedunkelte Scheiben - Ambiente-Beleuchtung - Armlehne - Elektr. Fensterheber - Elektr. Seitenspiegel - Elektr. Seitenspiegel anklappbar - Innenspiegel autom. abblendend - Lederlenkrad - Sitzheizung - Zentralverriegelung - Bordcomputer - Multifunktionslenkrad - Servolenkung - Bluetooth - CD-Spieler - Freisprecheinrichtung - Navigationssystem - Soundsystem - Sprachsteuerung - USB - Sommerreifen - Winterreifen - Leichtmetallfelgen - Dachreling - Scheinwerferreinigung Geschwindigkeitsregulierung:- Tempomat Klimatisierung:- 2-Zonen-Klimaautomatik Sicherheit:- ABS - Elektr. Wegfahrsperre - ESP - Gepäckraumabtrennung - Geschwindigkeitsbegrenzer - Isofix - Lichtsensor - Nebelscheinwerfer - Regensensor - Reifendruckkontrolle - Start/Stopp-Automatik Airbags:- Front-, Seiten- und weitere Airbags Tagfahrlicht (Art):- LED-Tagfahrlicht Hauptscheinwerfer:- Xenonscheinwerfer Pannenhilfe:- Pannenkit Innenausstattung:- Stoff Farbe der Innenausstattung:- Schwarz Kombi Gebrauchtfahrzeug Unfallfrei Hubraum: 1995 cm³ Anzahl der Türen: 4/5 Türen Anzahl Sitzplätze: 5 Schadstoffklasse: Euro5 Umweltplakette: 4 (Grün) Anzahl der Fahrzeughalter: -- HU: 10/2027 Farbe: Grau Metallic Farbe (Hersteller): -- Innenausstattung: Stoff Farbe der Innenausstattung: Schwarz Airbags: Front-, Seiten- und weitere Airbags Anhängerkupplung: -- Radio: Tuner/Radio Tagfahrlicht (Art): LED-Tagfahrlicht Pannenhilfe: Pannenkit Ausstattung ABS, Abgedunkelte Scheiben, Ambiente-Beleuchtung, Armlehne, Bluetooth, Bordcomputer, CD-Spieler, Dachreling, ESP, Elektr. Fensterheber, Elektr. Seitenspiegel, Elektr. Seitenspiegel anklappbar, Elektr. Wegfahrsperre, Freisprecheinrichtung, Gepäckraumabtrennung, Geschwindigkeitsbegrenzer, Innenspiegel autom. abblendend, Inspektion neu, Isofix, Lederlenkrad, Leichtmetallfelgen, Lichtsensor, Multifunktionslenkrad, Navigationssystem, Nebelscheinwerfer, Partikelfilter, Regensensor, Reifendruckkontrolle, Scheckheftgepflegt, Scheinwerferreinigung, Servolenkung, Sitzheizung, Sommerreifen, Soundsystem, Sprachsteuerung, Start/Stopp-Automatik, USB, Winterreifen, Xenonscheinwerfer, Zentralverriegelung Inserat bereitgestellt von",10.06.2026,71,True,267000,Oktober 2013,Diesel,Automatik,2026-06-11T00:19:19.202708
3432043585,BMW 320d xDrive Touring Luxury Line Luxury Line,13.500 €,46047 Oberhausen,https://www.kleinanzeigen.de/s-anzeige/bmw-320d-xdrive-touring-luxury-line-luxury-line/3432043585-216-1287,BMW 320d xDrive Touring Luxury Line Luxury Line,13.500 €,13500,"Kombi Gebrauchtfahrzeug Unfallfrei Hubraum: 1995 cm³ Anzahl der Türen: 4/5 Türen Anzahl Sitzplätze: 5 Schadstoffklasse: Euro6 Umweltplakette: 4 (Grün) Anzahl der Fahrzeughalter: -- HU: 4/2027 Farbe: Blau Farbe (Hersteller): -- Innenausstattung: Vollleder Farbe der Innenausstattung: -- Airbags: -- Anhängerkupplung: -- Ausstattung ABS, Allradantrieb, Armlehne, Berganfahrassistent, Bluetooth, Bordcomputer, CD-Spieler, ESP, Elektr. Fensterheber, Elektr. Heckklappe, Elektr. Seitenspiegel, Gepäckraumabtrennung, Geschwindigkeitsbegrenzer, Innenspiegel autom. abblendend, Isofix, Lederausstattung, Lederlenkrad, Leichtmetallfelgen, Lichtsensor, Multifunktionslenkrad, Navigationssystem, Nebelscheinwerfer, Nichtraucher-Fahrzeug, Notrufsystem, Partikelfilter, Regensensor, Reifendruckkontrolle, Scheckheftgepflegt, Servolenkung, Sitzheizung, Start/Stopp-Automatik, Traktionskontrolle, USB, Zentralverriegelung Der Preis ist Verhandlungsbasis. Privatanbieter Nejat Berbero 46047 Oberhausen Deutschland Tel.: +49 160 6312130 Inserat bereitgestellt von",10.06.2026,57,True,190000,März 2018,Diesel,Manuell,2026-06-11T00:19:24.525644
3432034754,BMW E93 320d Cabiro LCI | H&K | Navi Prof | Keyless Go |TÜV 3/28|,10.490 € VB,45770 Marl,https://www.kleinanzeigen.de/s-anzeige/bmw-e93-320d-cabiro-lci-h-k-navi-prof-keyless-go-tuev-3-28-/3432034754-216-1773,BMW E93 320d Cabiro LCI | H&K | Navi Prof | Keyless Go |TÜV 3/28|,10.490 € VB,10490,"Hallo, Hiermit verkaufe ich mein gepflegtes BMW E93 320d Cabrio. Es handelt sich um ein Fahrzeug aus der letzten Baureihe mit Erstzulassung vom 25.06.2012. Der BMW verfügt über den zuverlässigen 2,0-Liter-Dieselmotor mit 184 PS (135 kW) und ein Schaltgetriebe. Der aktuelle Kilometerstand beträgt 233.000 km. Das Fahrzeug befindet sich technisch in einem guten Zustand. Motor und Getriebe arbeiten einwandfrei, sämtliche Wartungen wurden regelmäßig nach Intervall durchgeführt. Es besteht kein Wartungsstau. Besonders hervorzuheben ist die umfangreiche Ausstattung: * Navigation Professional * Harman Kardon Soundsystem * Komfortzugang / Keyless Go * Elektrische Sitze mit Memory-Funktion * Sitzheizung vorne * Xenon-Scheinwerfer * Adaptives Kurvenlicht * Tempomat * Park Distance Control (PDC) * Regensensor * Klimaautomatik * Getränkehalter * Lichtpaket * Automatisch abblendende Spiegel * BMW Exclusive Edition * und vieles mehr Der BMW hat im März ohne Mängel die Hauptuntersuchung bestanden. TÜV ist somit bis März 2028 gültig. Auto ist Scheckheft Gepflegt! Wer ein zuverlässiges, gut ausgestattetes Cabrio mit dem beliebten BMW-Hardtop sucht, wird hier fündig. Besichtigung und Probefahrt sind nach Absprache jederzeit möglich. Überzeugen Sie sich gerne selbst vom Zustand des Fahrzeugs. Bei Interesse freue ich mich auf Ihre Nachricht. Privatverkauf – keine Garantie, Gewährleistung oder Rücknahme.",10.06.2026,105,True,233140,Juni 2012,Diesel,Manuell,2026-06-11T00:19:29.521619
3431983328,BMW 320d.xDRIVE.TOURING.XENON.AHK.NAV.BT.KLIMA.PDC,4.990 €,51429 Bergisch Gladbach,https://www.kleinanzeigen.de/s-anzeige/bmw-320d-xdrive-touring-xenon-ahk-nav-bt-klima-pdc/3431983328-216-1588,BMW 320d.xDRIVE.TOURING.XENON.AHK.NAV.BT.KLIMA.PDC,4.990 €,4990,"Mit einer Langjährigen Erfahrung von 10 Jahren bieten wir ihnen ausschließlich werkstattgeprüfte Fahrzeuge an. Voller Schutz nach dem Kauf : Gerne können Sie optional eine Gebrauchtwagengarantie bis zu 2 Jahren abschließen. Verkauf erfolgt bevorzugt an Händler/Export oder Gewerbetreibende, Privatverkauf nur auf anfrage. Wir kaufen dein Auto zum BESTPREIS! - https://abl-cars.de/fahrzeugbewertung Getriebe - 6-Gang Licht und Sicht - Xenon-Scheinwerfer - Licht- und Regensensor - Nebelscheinwerfer Technik und Sicherheit - Bordcomputer - Fahrerairbag - Airbag Fahrer-/Beifahrerseite - Seitenairbag vorn - Kopf-Airbag-System vorn - Zentralverriegelung mit Diebstahlsicherung und Crashsensor - Servolenkung elektronisch gesteuert - Geschwindigkeits-Regelanlage (Tempomat) - Außentemperaturanzeige - Anti-Blockier-System (ABS) - Dynamische Stabilitäts-Control (DSC) - Kopfstützen hinten mechan. verstellbar (3 Stück) - Aktive Kopfstützen - Reifendruck-Kontrollsystem - Scheibenwaschdüsen heizbar - Drehzahlmesser Multimedia - Audiosystem BMW Professional (Radio/CD-Player) - MP3-Schnittstelle für Mobiltelefon/Handy - USB-Schnittstelle - Audio-Navigationssystem Business mit integrierter Handyvorrüstung Komfort - Klimaautomatik erweiterter Umfang - Park-Distance-Control (PDC) vorn und hinten - Außenspiegel elektr. verstellbar - Außenspiegel heizbar - Fensterheber elektrisch vorn + hinten - Scheibenwischer mit Regensensor - Wärmeschutzverglasung getönt Innenausstattung - Sitzbezug / Polsterung: Stoff Vertex - Sitzheizung vorn - Innenspiegel mit Abblendautomatik - Isofix-Aufnahmen für Kindersitz an Rücksitz - Multifunktion für Lenkrad - Lenkrad (Leder) - Mittelarmlehne hinten - Rücksitzlehne geteilt/klappbar Aussenausstattung - Scheinwerfer-Reinigungsanlage (SRA) - Dachreling schwarz - LM-Felgen Pakete - Comfort-Paket Sonstiges - Rußpartikelfilter - Nichtraucherfahrzeug - Scheckheftgepflegt Weitere Informationen - Automatische Fahrlichtschaltung - BMW-Online: Internetbasierende Dienste (BMW Live) - Connectivity-Paket - Mittelarmlehne vorn verstellbar - Park-Distance-Control (PDC) - Reifensystem Run-Flat (mit Notlaufeigenschaften) - Vorrüstung Mobiltelefon/Handy Business mit Bluetooth Schnittstelle - Vorrüstung Mobiltelefon/Handy mit Bluetooth-Schnittstelle - Antriebsart: xDrive (Allrad) - Außenspiegel Wagenfarbe - Blinkleuchten Weiß - Bremsenergierückgewinnung (Rekuperationssystem) - Check-Control-System - Exterieurumfänge Wagenfarbe - Fahrassistenz-System: Bergabfahrkontrolle (HDC) - Fernbedienung für Zentralverriegelung - Fußmatten Velours - Getriebe 6-Gang - Heckleuchten LED - Innenausstattung: Interieurleisten Satin-Silber - Karosserie: 5-türig - Kopf-Airbag-System hinten - Lenksäule (Lenkrad) mechan. verstellbar - Reifenpannen-Anzeige - Sitze vorn höhenverstellbar - Sitze vorn mechanisch verstellbar - Stoßfänger Wagenfarbe Besichtigungstermin nach Vereinbarung Unsere zusätzlichen Dienstleistung: - professionell aufbereitet - Außenwäsche /// Innenreinigung - Professionelle Politur und Keramikversieglung - Reifenwechsel und Alufelgen Reparatur Service - KFZ Scheibentönung und Autoglass-Service - Autofolierung /// Carwrapping - KFZ Elektronik und Individuelle Anpassungen - Zulassungsservice (Kurzzeitkennzeichen / Überführungskennzeichen / Exportkennzeichen) - Zollabwicklung (Ausfuhr) - kostenloser Abholservice für Kunden (Bahnhof BGL, Köln/Bonn Flughafen) - Lieferservice KFZ (Preis auf Anfrage) Die Fahrzeugbeschreibung dient lediglich der allgemeinen Identifizierung des Fahrzeuges und stellt keine Gewährleistung im kaufrechtlichen Sinne dar. Die Angaben erheben nicht den Anspruch auf Vollständigkeit. Die gemachten Angaben, Beschreibungen und Bilder sind unverbindlich und dienen nicht als zugesicherte Eigenschaften. Der Verkäufer übernimmt keine Haftung keine Gewährleistung für Tipp- und Datenübermittlungsfehler. Ausstattungen sind gegebenenfalls gesondert zu prüfen. Finanzierungsbeispiel* - Barzahlungspreis: 4.990,00 Euro - Anzahlung: 1.248,00 Euro - Laufzeit: 48 Monate - Nettokreditbetrag: 3.743,00 Euro - Effektiver Jahreszins: 6,99 % - Sollzinssatz (gebunden) p.a.: 6,78 % - Bruttokreditbetrag: 4.283,00 Euro - Monatliche Rate: 89,00 Euro *Repräsentatives Finanzierungsbeispiel der Santander Consumer Bank AG, Santander-Platz 1, 41061 Mönchengladbach für Privatkunden, für die das Autohaus als Darlehnsvermittler beratend tätig ist. Bonität vorausgesetzt. Angaben entsprechen zugleich dem 2/3 Beispiel nach § 6a Abs. 3 PAngV. Dienstleistung: - Zulassungsservice (Kurzzeitkennzeichen / Überführungskennzeichen / Exportkennzeichen) - Zollabwicklung (Ausfuhr) - kostenloser Abholservice für Kunden (Bahnhof BGL, Köln/Bonn Flughafen) - Lieferservice KFZ (Preis auf Anfrage) Die Fahrzeugbeschreibung dient lediglich der allgemeinen Identifizierung des Fahrzeuges und stellt keine Gewährleistung im kaufrechtlichen Sinne dar. Die Angaben erheben nicht den Anspruch auf Vollständigkeit. Die gemachten Angaben, Beschreibungen und Bilder sind unverbindlich und dienen nicht als zugesicherte Eigenschaften. Der Verkäufer übernimmt keine Haftung keine Gewährleistung für Tipp- und Datenübermittlungsfehler. Ausstattungen sind gegebenenfalls gesondert zu prüfen. Kombi Gebrauchtfahrzeug Unfallfrei Hubraum: 1995 cm³ Anzahl der Türen: 4/5 Türen Anzahl Sitzplätze: 5 Schadstoffklasse: -- Umweltplakette: -- Anzahl der Fahrzeughalter: 3 HU: 9/2027 Farbe: Grau Metallic Farbe (Hersteller): SPACEGRAU Innenausstattung: Stoff Farbe der Innenausstattung: Grau Airbags: Front-, Seiten- und weitere Airbags Anhängerkupplung: -- Radio: Tuner/Radio Ausstattung ABS, Allradantrieb, Armlehne, Bordcomputer, CD-Spieler, Dachreling, ESP, Elektr. Fensterheber, Elektr. Seitenspiegel, Innenspiegel autom. abblendend, Inspektion neu, Isofix, Lederlenkrad, Leichtmetallfelgen, Lichtsensor, Multifunktionslenkrad, Nebelscheinwerfer, Nichtraucher-Fahrzeug, Partikelfilter, Regensensor, Reifendruckkontrolle, Scheckheftgepflegt, Scheinwerferreinigung, Servolenkung, Sitzheizung, Traktionskontrolle, USB, Xenonscheinwerfer, Zentralverriegelung Inserat bereitgestellt von",10.06.2026,45,True,335000,April 2011,Diesel,- 6-Gang,2026-06-11T00:19:35.226889
3431980226,BMW 320d E90,3.000 €,46537 Dinslaken,https://www.kleinanzeigen.de/s-anzeige/bmw-320d-e90/3431980226-216-1854,BMW 320d E90,3.000 €,3000,"BMW 320d E90 in gutem Zustand, neue 16-Zoll-Winter- und Sommerreifen, getönte Scheiben, Baujahr 2005, 6-Gang-Schaltgetriebe 163 ps",10.06.2026,88,True,305993,Juni 2005,Diesel,Manuell,2026-06-11T00:19:40.811612
3431946462,BMW E93 320d Cabrio LCI | M-Paket | Vollausstattung,14.499 €,58553 Halver,https://www.kleinanzeigen.de/s-anzeige/bmw-e93-320d-cabrio-lci-m-paket-vollausstattung/3431946462-216-1407,BMW E93 320d Cabrio LCI | M-Paket | Vollausstattung,14.499 €,14499,"Zum Verkauf steht ein gepflegter BMW E93 320d Cabrio (Facelift) mit umfangreicher Ausstattung und vielen bereits erledigten Wartungsarbeiten. Das Fahrzeug wurde stets vernünftig gefahren (warm/kalt) und regelmäßig gewartet. Technisch befindet sich der Wagen in einem sehr guten Zustand viele bekannte Schwachstellen wurden bereits behoben. *Fahrzeugdaten:* * Erstzulassung: 08/2010 * Motor: 2.0 Diesel, 184 PS * Getriebe: Automatik * Laufleistung: 255.000 km * HU/AU: bis 07/2027 * 8-fach bereift *Ausstattung (Vollausstattung)* Highlights: * M-Paket innen & außen * Bi-Xenon Scheinwerfer * Keyless Entry & Go * Navigationssystem + Apple CarPlay * Harman Kardon Soundsystem * Sitzheizung * Elektrische Sitze mit Memory * Tempomat * PDC vorne & hinten * Windschott * Bluetooth / Freisprecheinrichtung * Lichtautomatik & Regensensor * uvm. *Wartung & durchgeführte Arbeiten:* In letzter Zeit wurden viele wichtige Arbeiten erledigt ideal für den nächsten Besitzer: * Steuerkette erneuert * Ölpumpenkette erneuert * Ventildeckeldichtung neu * Riemenscheibe neu * Ladeluftschlauch neu * Kurbelgehäuseentlüftungsschlauch neu * Injektoren inkl. Kupferringe erneuert * Glühkerzen neu * Getriebeölwechsel durchgeführt * Kurbelwellensimmerring neu * Bremsen vorne neu * Große Inspektion inkl. Öl, Luftfilter, Innenraumfilter & Bremsflüssigkeit kürzlich gemacht * 2 neue Sommerreifen * Schmierung der Cabrio Mechanik *Unfallhistorie:* Leichter Auffahrunfall in der Front. Dabei wurden Stoßstange, rechter Scheinwerfer und Motorhaube erneuert. Kein struktureller Schaden. *Zustand:* Alters- und laufleistungsbedingt sind kleinere Kratzer und Steinschläge vorhanden. Technisch jedoch sehr gepflegt und zuverlässig. *Wichtig* Fahrzeug wird täglich noch bewegt weshalb sich der Km-Stand ändern kann. *Preis ist Verhandelbar* Besichtigung nach Absprache möglich. Dies ist ein Privat Verkauf, deshalb erfolgt der Verkauf unter Ausschluss jeglicher Gewährleistung. Cabrio/Roadster Gebrauchtfahrzeug Reparierter Unfallschaden Hubraum: 1995 cm³ Anzahl der Türen: 2/3 Türen Anzahl Sitzplätze: 4 Schadstoffklasse: Euro5 Umweltplakette: 4 (Grün) Anzahl der Fahrzeughalter: -- HU: 7/2027 Farbe: -- Farbe (Hersteller): -- Innenausstattung: Vollleder Farbe der Innenausstattung: Schwarz Airbags: -- Anhängerkupplung: -- Radio: Tuner/Radio, Radio DAB Tagfahrlicht (Art): LED-Tagfahrlicht Kurvenlicht (Art): Adaptives Kurvenlicht Ausstattung ABS, Apple CarPlay, Armlehne, Bluetooth, Bordcomputer, CD-Spieler, ESP, Elektr. Fensterheber, Elektr. Seitenspiegel, Elektr. Sitzeinstellung, Elektr. Wegfahrsperre, Fernlichtassistent, Freisprecheinrichtung, Geschwindigkeitsbegrenzer, Isofix, Lederausstattung, Lederlenkrad, Leichtmetallfelgen, Lichtsensor, Multifunktionslenkrad, Navigationssystem, Nebelscheinwerfer, Nichtraucher-Fahrzeug, Notrufsystem, Partikelfilter, Regensensor, Reifendruckkontrolle, Scheckheftgepflegt, Scheinwerferreinigung, Schlüssellose Zentralverriegelung (Keyless), Servolenkung, Sitzheizung, Sommerreifen, Soundsystem, Sportpaket, Sportsitze, Standheizung, Touchscreen, Traktionskontrolle, Umklappbarer Beifahrersitz, Winterreifen, Xenonscheinwerfer, Zentralverriegelung Der Preis ist Verhandlungsbasis. Privatanbieter 58553 Halver Deutschland Inserat bereitgestellt von",10.06.2026,94,True,255000,August 2010,Diesel,Automatik,2026-06-11T00:19:46.713916
3431920481,BMW 320d Cabrio (E93) – Baujahr 2012,9.500 € VB,58675 Hemer,https://www.kleinanzeigen.de/s-anzeige/bmw-320d-cabrio-e93-baujahr-2012/3431920481-216-1425,BMW 320d Cabrio (E93) – Baujahr 2012,9.500 € VB,9500,"Zum Verkauf steht ein BMW 320d Cabrio E93 aus dem Jahr 2012. Verkauft wird wegen Neuanschaffung. Das Fahrzeug befindet sich seit 2018 in meinem Besitz und wurde stets zuverlässig gefahren. Motor und Getriebe funktionieren einwandfrei. Das Fahrzeug weist alters- und laufleistungsbedingte Gebrauchsspuren auf, befindet sich insgesamt jedoch in einem dem Alter entsprechenden Zustand. Besichtigung und Probefahrt nach Absprache möglich Privatverkauf. Der Verkauf erfolgt unter Ausschluss jeglicher Gewährleistung, Garantie und Rücknahme.",10.06.2026,60,True,250000,April 2012,Diesel,Automatik,2026-06-11T00:19:52.421615
3431912369,BMW 320d Touring - Rechtslenker / TÜV 02|28,3.500 €,50389 Wesseling,https://www.kleinanzeigen.de/s-anzeige/bmw-320d-touring-rechtslenker-tuev-02-28/3431912369-216-1391,BMW 320d Touring - Rechtslenker / TÜV 02|28,3.500 €,3500,"EZ 11/2010 - 225000 - 135 kW (184 PS) - Diesel - Sitzheizung - Zentralverriegelung - Einparkhilfe hinten - Grau - Vollleder beige - 6 Gang Schaltgetriebe - Dachreeling mit Original BMW Querträger - Original Scheinwerfer für Linksverkehr - Armlehne - Becherhalter - Soundpaket - Gepäckraumabtrennung - Unfallfrei - Sommerreifen auf 17 Zoll Alufelgen - Winterreifen auf 16 Zoll Alufelgen - Getriebe Original BMW 190 000km Kombi Gebrauchtfahrzeug Unfallfrei Hubraum: 1995 cm³ Anzahl der Türen: 4/5 Türen Anzahl Sitzplätze: 5 Schadstoffklasse: Euro5 Umweltplakette: 4 (Grün) Anzahl der Fahrzeughalter: 3 HU: 2/2028 Farbe: Grau Farbe (Hersteller): -- Innenausstattung: Vollleder Farbe der Innenausstattung: Beige Airbags: -- Anhängerkupplung: -- Radio: Tuner/Radio Pannenhilfe: Pannenkit Ausstattung ABS, Alarmanlage, Armlehne, Dachreling, ESP, Elektr. Fensterheber, Elektr. Seitenspiegel, Elektr. Sitzeinstellung, Gepäckraumabtrennung, Geschwindigkeitsbegrenzer, Innenspiegel autom. abblendend, Isofix, Lederausstattung, Lederlenkrad, Leichtmetallfelgen, Multifunktionslenkrad, Nebelscheinwerfer, Nichtraucher-Fahrzeug, Notrufsystem, Partikelfilter, Raucherpaket, Scheckheftgepflegt, Servolenkung, Sitzheizung, Sommerreifen, Soundsystem, Traktionskontrolle, Winterreifen, Zentralverriegelung Der Preis ist Verhandlungsbasis. Privatanbieter 50389 Wesseling Deutschland Tel.: +49 1520 2169035 Inserat bereitgestellt von",10.06.2026,90,True,225000,November 2010,Diesel,Manuell,2026-06-11T00:19:58.063553
3431856050,BMW 320 3 Touring 320d // Tüv 10 / 2027,3.290 €,59077 Hamm,https://www.kleinanzeigen.de/s-anzeige/bmw-320-3-touring-320d-tuev-10-2027/3431856050-216-2019,BMW 320 3 Touring 320d // Tüv 10 / 2027,3.290 €,3290,"Sonderausstattung: Außenspiegel-Paket, Comfort-Paket, Dachreling, Fußmatten Velours, Lenkrad (Sport M-Technic), LM-Felgen vorn/hinten: 8x17 / 8,5x17 (M Doppelspeichen 161), Metallic-Lackierung, Multifunktion für Lenkrad, Sitzheizung vorn Weitere Ausstattung: Airbag Fahrer-/Beifahrerseite, Außenspiegel elektr. verstellbar, Außenspiegel heizbar, Außenspiegel Wagenfarbe, Blinkleuchten Weiß, Bordcomputer, Check-Control-System, Drehzahlmesser, Exterieurumfänge Wagenfarbe, Fensterheber elektrisch vorn + hinten, Innenausstattung: Interieurleisten Titan, hell, Isofix-Aufnahmen für Kindersitz an Rücksitz, Karosserie: 5-türig, Kopf-Airbag-System hinten, Kopf-Airbag-System vorn, Kopfstützen hinten mechan. verstellbar (3 Stück), Lenksäule (Lenkrad) mechan. verstellbar, Mittelarmlehne hinten, Motor 2,0 Ltr. - 130 kW Turbodiesel KAT, Reifendruck-Kontrollsystem, Reifenpannen-Anzeige, Rücksitzlehne geteilt/klappbar, Seitenairbag vorn, Sitzbezug / Polsterung: Stoff Fluid, Sitze vorn mechanisch verstellbar, Stoßfänger Wagenfarbe, Wärmeschutzverglasung getönt , Sitzheizung vorn Kombi Gebrauchtfahrzeug Hubraum: 1995 cm³ Anzahl der Türen: 4/5 Türen Anzahl Sitzplätze: 5 Schadstoffklasse: Euro4 Umweltplakette: -- Anzahl der Fahrzeughalter: -- HU: 10/2027 Farbe: Silber Metallic Farbe (Hersteller): TITANSILBER Innenausstattung: Stoff Farbe der Innenausstattung: Schwarz Airbags: Front-, Seiten- und weitere Airbags Anhängerkupplung: -- Ausstattung ABS, Bordcomputer, Dachreling, ESP, Elektr. Fensterheber, Elektr. Seitenspiegel, Isofix, Leichtmetallfelgen, Multifunktionslenkrad, Partikelfilter, Servolenkung, Sitzheizung, Xenonscheinwerfer, Zentralverriegelung Inserat bereitgestellt von",10.06.2026,172,True,229000,Juni 2008,Diesel,Manuell,2026-06-11T00:20:03.799481
3431841721,BMW 320D LUXURY LINE,14.449 € VB,50374 Erftstadt,https://www.kleinanzeigen.de/s-anzeige/bmw-320d-luxury-line/3431841721-216-1162,BMW 320D LUXURY LINE,14.449 € VB,14449,"Ich verkaufe hier meinen 3er Kombi. Vor 5000km vorne und hinten neue Bremsen komplett. Der Wagen läuft super ohne irgendwelche Probleme. Kein Unfall, super Zustand.!! Bei Fragen gerne melden17645673261",10.06.2026,86,True,158000,Juli 2018,Diesel,Automatik,2026-06-11T00:20:09.199050
3431198741,BMW 320d G21 Mit Neu TÜV und Service,20.499 € VB,49525 Lengerich,https://www.kleinanzeigen.de/s-anzeige/bmw-320d-g21-mit-neu-tuev-und-service/3431198741-216-1257,BMW 320d G21 Mit Neu TÜV und Service,20.499 € VB,20499,"BMW Touring – Top Ausstattung, gepflegt, TÜV & Service neu Wir verkaufen unseren BMW Touring, Weil wir ein größeres Auto brauchen Wagen befindet sich in einem sehr gepflegten Zustand, ist unfallfrei und überzeugt durch seine umfangreiche Ausstattung sowie den sparsamen und gleichzeitig kraftvollen Ausstattung Highlights: Es gibt ein paar Kratzer. Vielleicht lassen sie sich durch einfaches Polieren entfernen. ✔ 190 PS Motor ✔ Automatikgetriebe ✔ Sportsitze mit Teillederausstattung ✔ Harman Kardon Soundsystem ✔ DAB-Radio, USB, Bluetooth-Audio & Telefonanbindung ✔ Panorama-Glasdach ✔ Elektrische Heckklappe ✔ Getönte Scheiben mit Sonnenschutzverglasung ✔ Sommer- und Winterräder auf Alufelgen ✔ LED-Scheinwerfer ✔ LED-Nebelscheinwerfer ✔ Fernlichtassistent ✔ Park Distance Control (PDC) ✔ Multifunktions-Sportlederlenkrad ✔ Connected Package ✔ Ambiente-Beleuchtung ✔ Shadow Line Hochglanz ✔ Ablagenpaket mit Trennnetz Zustand: Unfallfrei Technisch einwandfrei TÜV neu (04/2026) gültig bis 04/2028 Frischer Service durchgeführt Nächste Wartung erst in ca. 24.000 km Nichtraucherfahrzeug Altersbedingt sind einige kleine Kratzer auf der Motorhaube sowie am hinteren Stoßfänger vorhanden. Nichts Gravierendes und rein optischer Natur. Bei Interesse oder Fragen freue ich mich über Ihre Nachricht. Bitte beachten: Es handelt sich nicht um einen Notverkauf. Anfragen nach dem Motto „Was ist letzter Preis?“ werden nicht beantwortet.",10.06.2026,278,True,120000,März 2021,Diesel,Automatik,2026-06-11T00:20:14.403295
3431826226,BMW 320d Touring Sport Line 1.HAND PANO AMBIENTE LED,20.999 €,42697 Solingen,https://www.kleinanzeigen.de/s-anzeige/bmw-320d-touring-sport-line-1-hand-pano-ambiente-led/3431826226-216-2125,BMW 320d Touring Sport Line 1.HAND PANO AMBIENTE LED,20.999 €,20999,"BMW 320d Touring Sport-Line – 1. Hand | Scheckheftgepflegt |BMW Service Zum Verkauf steht ein sehr gepflegter BMW 320d Touring Sport-Line aus 1. Hand mit einer Laufleistung von nur 126.800 km. Das Fahrzeug wurde durchgehend scheckheftgepflegt und ausschließlich bei autorisierten BMW Vertragswerkstätten gewartet. Der BMW überzeugt durch seine hochwertige Ausstattung, sportliches Design und den hohen Komfort, den man von einem 3er Touring erwartet. Dank Sport-Line Ausstattung, moderner Assistenzsysteme und umfangreicher Komfortausstattung ist dieses Fahrzeug ideal für Alltag, Familie und lange Strecken. Highlights: ✅ 1. Hand ✅ Scheckheftgepflegt – nur BMW Vertragswerkstätten ✅ Laufleistung: 126.800 km ✅ BMW 320d Touring Sport-Line ✅ 8-fach bereift – Sommer- und Winterreifen auf Leichtmetallfelgen Ausstattung: - BMW Live Cockpit ConnectedDrive - Panoramadach-Glas Schiebedach - Sitzheizung vorne - Ambiente-Beleuchtung - Sport-Line Ausstattung - Shadow-Line Hochglanz (Außenausstattung) - Dachreling Hochglanz Shadow-Line - LED-Scheinwerfer - DAB-Tuner (digitaler Radioempfang) - Klimaautomatik 3-Zonen mit automatischer Umluft-Control - Sportsitze vorne - Sitzbezug Stoff Sensatec - Sport-Lederlenkrad mit Multifunktion - Automatische Heckklappenbetätigung - Park Distance Control (PDC) vorne & hinten - Elektrische Parkbremse - Start-Stopp-Knopf - Start/Stop-Anlage Fahrassistenz & Sicherheit: - Active Guard (Bremsassistent) - Active Guard Plus mit: - Spurhalteassistent - Frontkollisionswarnung - Aufmerksamkeits-Assistent - Fahrerlebnisschalter - Dynamische Bremsleuchte - Dynamische Traktions Control (DTC) - Intelligenter Notruf inkl. TeleServices - Gesetzlicher Notruf Weitere Ausstattung: - Bordcomputer - Freisprecheinrichtung mit USB-Schnittstelle - ConnectedDrive Services - Uni-Lackierung - Multifunktionslenkrad - Komfort- und Sportausstattung kombiniert Als Partner vieler namhafter Banken, finanzieren wir Ihr Traumfahrzeug in diesem Fall bereits ab 89,-€ Monat, ohne Anzahlung. Wir erstellen Ihnen kostenfrei ein für Sie unverbindliches Finanzierungsangebot und das zu besten Konditionen! Finanzieren, einsteigen und genießen... - Der günstigste Weg, Ihr neues Traumauto zu finanzieren - Niedrige Raten und feste Zinsen - Individuelle Rate: Laufzeiten und Raten ganz nach Ihren Bedürfnissen, - schon ab 89,-€ im Monat - Schnelle Kreditentscheidung - Eine vorzeitige Finanzierungsablöse ist jederzeit unkompliziert möglich. Unsere serviceleistungen: - Finanzierung möglich - TÜV Siegel und Probefahrt - Inzahlungnahme und Barankauf (Auch ohne Neugeschäft) - Vermittlung und Verkauf im Kundenauftrag - Kurzzeit und Zollkennzeichen (nach Absprache) - Transport und Überführung (nach Absprach Der Verkäufer übernimmt keine Haftung für Tipp- und Datenübermittlungsfehler. Aufgeführte Ausstattungen sind ggfs. gesondert Vorort zu prüfen. Alle Angaben in den Inseraten sind unverbindlich und ohne Gewähr. ∗Fehler, Änderungen, Zwischenverkauf und Irrtümmer vorbehalten! Kombi Gebrauchtfahrzeug Unfallfrei Hubraum: 1995 cm³ Anzahl der Türen: 4/5 Türen Anzahl Sitzplätze: 5 Schadstoffklasse: Euro6d Umweltplakette: 4 (Grün) Anzahl der Fahrzeughalter: 1 HU: 8/2026 Farbe: Schwarz Metallic Farbe (Hersteller): SCHWARZ II/BONNET FLUID BLACK Innenausstattung: Teilleder Farbe der Innenausstattung: Schwarz Airbags: Front-, Seiten- und weitere Airbags Anhängerkupplung: -- Radio: Radio DAB Kurvenlicht (Art): Adaptives Kurvenlicht Ausstattung ABS, Abstandswarner, Adaptives Fahrwerk, Alarmanlage, Ambiente-Beleuchtung, Android Auto, Apple CarPlay, Armlehne, Berganfahrassistent, Bluetooth, Bordcomputer, Dachreling, ESP, Elektr. Fensterheber, Elektr. Heckklappe, Elektr. Seitenspiegel, Elektr. Seitenspiegel anklappbar, Elektr. Wegfahrsperre, Fernlichtassistent, Freisprecheinrichtung, Garantie, Geschwindigkeitsbegrenzer, Innenspiegel autom. abblendend, Isofix, Lederlenkrad, Leichtmetallfelgen, Lichtsensor, Lordosenstütze, Multifunktionslenkrad, Müdigkeitswarner, Navigationssystem, Nebelscheinwerfer, Notbremsassistent, Notrufsystem, Panorama-Dach, Partikelfilter, Regensensor, Reifendruckkontrolle, Scheckheftgepflegt, Schiebedach, Schlüssellose Zentralverriegelung (Keyless), Servolenkung, Sitzheizung, Sommerreifen, Soundsystem, Sportfahrwerk, Sportsitze, Sprachsteuerung, Spurhalteassistent, Start/Stopp-Automatik, Touchscreen, Traktionskontrolle, USB, Verkehrszeichenerkennung, Volldigitales Kombiinstrument, WLAN / Wifi Hotspot, Winterreifen, Zentralverriegelung Inserat bereitgestellt von",10.06.2026,67,True,126800,Juli 2021,Diesel,Automatik,2026-06-11T00:20:20.195200
3431824021,Bmw e91 320d,6.000 € VB,42477 Radevormwald,https://www.kleinanzeigen.de/s-anzeige/bmw-e91-320d/3431824021-216-1560,Bmw e91 320d,6.000 € VB,6000,"Hiermit verkaufe ich meinen BMW E91 320d. Das Fahrzeug befindet sich in einem guten Zustand und fährt einwandfrei. Motor und Getriebe laufen ohne Probleme. * 215.000 km * Neuer TÜV * Zuverlässiger Diesel * Gepflegter Zustand * Sofort fahrbereit Das Fahrzeug kann nach Absprache besichtigt und probegefahren werden. Bei Interesse oder Fragen gerne melden. Privatverkauf, daher keine Garantie, Gewährleistung oder Rücknahme.",10.06.2026,45,True,215000,Oktober 2008,Diesel,Automatik,2026-06-11T00:20:27.196576
3431793754,BMW 320d *KLIMA*SHZ*TÜV02/2027*,10.500 €,57392 Schmallenberg,https://www.kleinanzeigen.de/s-anzeige/bmw-320d-klima-shz-tuev02-2027-/3431793754-216-1534,BMW 320d *KLIMA*SHZ*TÜV02/2027*,10.500 €,10500,"Hiermit biete ich meinen BMW 320d zum Verkauf an. Das Auto läuft einwandfrei was motor und getriebe angeht! Das Auto ist angemeldet und wird gefahren daher können die Kilometer abweichen! Ausstattung siehe bilder bei fragen zu der Ausstattung können sie mich auch fragen! Das Auto hat dem alter entsprechende gebrauchtspuren aber keine dellen oder dicken macken! Bei Interesse rufen sie mich gerne an! Gruß Kombi Gebrauchtfahrzeug Unfallfrei Hubraum: 1995 cm³ Anzahl der Türen: 4/5 Türen Anzahl Sitzplätze: 5 Schadstoffklasse: Euro6 Umweltplakette: 4 (Grün) Anzahl der Fahrzeughalter: 2 HU: 2/2027 Farbe: Silber Metallic Farbe (Hersteller): -- Innenausstattung: Stoff Farbe der Innenausstattung: Schwarz Airbags: -- Anhängerkupplung: Anhängerkupplung schwenkbar Radio: Tuner/Radio Tagfahrlicht (Art): LED-Tagfahrlicht Pannenhilfe: Pannenkit Ausstattung ABS, Armlehne, Berganfahrassistent, Bluetooth, Bordcomputer, CD-Spieler, ESP, Elektr. Fensterheber, Elektr. Heckklappe, Elektr. Seitenspiegel, Elektr. Wegfahrsperre, Freisprecheinrichtung, Gepäckraumabtrennung, Geschwindigkeitsbegrenzer, Isofix, Lederlenkrad, Leichtmetallfelgen, Lichtsensor, Multifunktionslenkrad, Navigationssystem, Nebelscheinwerfer, Partikelfilter, Regensensor, Reifendruckkontrolle, Scheckheftgepflegt, Scheinwerferreinigung, Servolenkung, Sitzheizung, Sportpaket, Sprachsteuerung, Start/Stopp-Automatik, Traktionskontrolle, USB, Xenonscheinwerfer, Zentralverriegelung Der Preis ist Verhandlungsbasis. Privatanbieter 57392 Schmallenberg Deutschland Tel.: +49 176 55413937 Inserat bereitgestellt von",10.06.2026,53,True,209000,Dezember 2015,Diesel,Automatik,2026-06-11T00:20:45.253193
3400576245,BMW 320 d Efficient Dynamics Edition*HU 01.28*Gewährleistung*Top*,8.999 €,52499 Baesweiler,https://www.kleinanzeigen.de/s-anzeige/bmw-320-d-efficient-dynamics-edition-hu-01-28-gewaehrleistung-top-/3400576245-216-1710,BMW 320 d Efficient Dynamics Edition*HU 01.28*Gewährleistung*Top*,8.999 €,8999,"Terminvereinbarung für Beratung und Probefahrt = kürzere Wartezeiten: Zeit ist kostbar und diese sollten Sie nicht mit Warten verbringen. Deshalb bitten wir Sie um eine telefonische Terminvereinbarung für eine Beratung oder zur Probefahrt. Zum Fahrzeug: -Deutsche Zulassung -Kl. Inspektion Neu -Klimaanlage -Tempomat -Lichtautomatik mit Fernlichtassistent -Sitzheizung -Navigationssystem mit Bluetooth Audio -Isofix -8-fach bereift -HU 01.28 -12 Monate Gewährleistung -Sofortfahrbereit Sonderausstattung: Adaptives Kurvenlicht Airbag Beifahrerseite abschaltbar Alarmanlage Audio-Navigationssystem Business Bi-Xenon-Scheinwerfer Comfort-Paket DAB-Tuner (Radioempfang digital) Dachreling schwarz Fahrassistenz-System: Fernlichtassistent Freisprecheinrichtung Bluetooth mit erweiterte Smartphone-Anbindung Geschwindigkeits-Regelanlage mit Bremsfunktion Komfortzugang (Öffnungs- und Schließsystem) Mittelarmlehne vorn verstellbar Panoramadach (Glas) Park-Distance-Control (PDC) vorn und hinten Raucher-Paket Reifensystem Run-Flat (mit Notlaufeigenschaften) Service-System: ConnectedDrive Services Servolenkung Servotronic Sicherheitssystem Active Protection Serienausstattung: Airbag Fahrer-/Beifahrerseite Anti-Blockier-System (ABS) AUX-IN-Anschluss (AUX-IN) Blinkleuchten Weiß Bordcomputer Bremsassistent Bremsenergierückgewinnung (Rekuperationssystem) Check-Control-System Design- und Ausstattungslinie Luxury Design- und Ausstattungslinie Modern Drehzahlmesser Durchladeeinrichtung (Mittelarmlehne hinten) Dynamische Bremsleuchte Dynamische Stabilitäts-Control (DSC) Fahrassistenz-System: Fahrerlebnisschalter Fensterheber elektrisch vorn + hinten Freisprecheinrichtung mit USB-Schnittstelle Fußmatten Velours Getriebe 6-Gang Heckklappenbetätigung automatisch Heckleuchten LED Innenausstattung: Interieurleisten Satin-Silber, matt Isofix-Aufnahmen für Kindersitz an Rücksitz Karosserie: 5-türig Kopf-Airbag-System hinten Kopf-Airbag-System vorn Lenksäule (Lenkrad) mechan. verstellbar Motor 2,0 Ltr. - 120 kW 16V Diesel Multifunktion für Lenkrad Nebelscheinwerfer Reifenpannen-Anzeige Rußpartikelfilter Schadstoffarm nach Abgasnorm Euro 5 Schaltpunktanzeige Scheibenwaschdüsen heizbar Seitenairbag vorn Service-System: Intelligenter Notruf inkl. TeleServices Sitze vorn höhenverstellbar Start-Stop-Knopf Start/Stop-Anlage (Funktion) Wegfahrsperre Wärmeschutzverglasung getönt Zentralverriegelung mit Fernbedienung Inzahlungnahme Wir bieten Ihnen die Möglichkeit einer Vorort- oder Fernbewertung Ihres Fahrzeugs an. Abholservice Falls Sie mit dem Zug anreisen, bieten wir Ihnen einen kostenfreien Abholservice am Bahnhof Aachen/Herzogenrath/Geilenkirchen an. Lieferservice Gerne liefern wir Ihren neu erworbenen Fahrzeug bis vor Ihren Haustür nach Absprache. Sonstiges Zubehörangaben ohne Gewähr Keine Haftung für Druck & Schreibfehler Irrtum und Zwischenverkauf vorbehalten",10.06.2026,507,True,170000,April 2014,Diesel,Manuell,2026-06-11T00:20:52.284912
3431707957,BMW 320D Tüv 08.2026,2.400 € VB,45886 Gelsenkirchen,https://www.kleinanzeigen.de/s-anzeige/bmw-320d-tuev-08-2026/3431707957-216-1010,BMW 320D Tüv 08.2026,2.400 € VB,2400,Das fahrzeug befindet sich in Einem Guten Zustand Motor Getriebe Kupplung 1A Beim Auto würde folgendes gemacht.. -hardyscheibe -kardanwelle neu -hintere querlenker komplett -bremse komplett -4 neue Reifen - steuerkette beim 270tsd km neu Bei weitere fragen einfach melden,10.06.2026,72,True,316000,Juni 2007,Diesel,Manuell,2026-06-11T00:21:04.461836
3431705085,BMW Touring 320 d,16.100 €,52477 Alsdorf,https://www.kleinanzeigen.de/s-anzeige/bmw-touring-320-d/3431705085-216-1714,BMW Touring 320 d,16.100 €,16100,"Das FAhzreug stand meiste zeit in der Garage und hatte kürzlich einen leichten unfall an der front wo keine achsen oder sonstigen beschädigt wurde die Motorhaube ist nachlackiert und die stoßstange vorne Fahrzeug fährt einwandfrei und befindet sich jetzt in einem Top zustand 73.000KM kriegen sie von uns Schrieftlich und aßerdem digital bei BMW nachweisbar Wir freuen uns auf euch . Sonderausstattung: Ablage-Paket, Alpinweiß-Lackierung (Uni), Audio-Navigationssystem Business, Außen-/Innenspiegel mit Abblendautomatik, Dachreling schwarz, Fahrassistenz-System: Fernlichtassistent, Instrumentenkombination (erweiterter Umfang), Klimaautomatik 2-Zonen mit autom. Umluft-Control, Lenkrad (Sport/Leder), LM-Felgen 8x17 (V-Speiche 395), Park-Distance-Control (PDC) vorn und hinten, Raucher-Paket, Reifensystem Run-Flat (mit Notlaufeigenschaften), Rückfahrkamera, Scheinwerfer LED, Service-System: ConnectedDrive Services, Service-System: Internet Weitere Ausstattung: Airbag Beifahrerseite abschaltbar, Airbag Fahrer-/Beifahrerseite, Audiosystem BMW Professional (Radio/CD-Player MP3-fähig), Auspuffanlage (2-Rohr-Anlage) mit Chromblenden, AUX-IN-Anschluss (AUX-IN), Außenspiegel elektr. verstell- und heizbar, Außenspiegel Wagenfarbe, Außentemperaturanzeige, Bordcomputer, Bremsassistent, Check-Control-System, Durchladeeinrichtung (Mittelarmlehne hinten), Dynamische Bremsleuchte, Dynamische Tractions Control (DTC), Fahrassistenz-System: Fahrerlebnisschalter, Farbmonitor (6,5 Zoll), Fernentriegelung Heckklappe, Freisprecheinrichtung Bluetooth mit USB-/Audio-Schnittstelle, Fußmatten Velours, Gepäckraum-Abtrennung (Netz), Gepäckraumabdeckung / Rollo, Getränkehalter, Heckklappenbetätigung automatisch, Heckleuchten LED, Innenausstattung: Interieurleisten Satin-Silber, matt, Isofix-Aufnahmen für Kindersitz, Karosserie: 5-türig, Kopf-Airbag-System hinten, Kopf-Airbag-System vorn, Kopfstützen hinten klappbar, Lenksäule (Lenkrad) mechan. verstellbar, LM-Felgen, Mittelarmlehne hinten, Modellpflege, Motor 2,0 Ltr. - 140 kW 16V Turbodiesel, Multifunktion für Lenkrad, NOx-Speicherkatalysator (BMW Blue Performance), Personalisierungssystem (Personal Profile), Reifen-Reparaturset (Mobility-Pack), Reifendruck-Kontrollsystem, Schadstoffarm nach Abgasnorm Euro 6, Seitenairbag hinten, Seitenairbag vorn, Service-System: Intelligenter Notruf inkl. TeleServices, Sitzbezug / Polsterung: Stoff Move, Sitze vorn höhen-/neigungsverstellbar, Start-Stop-Knopf, Start/Stop-Anlage (Funktion), Steckdose (12V-Anschluß) zusätzlich, Wärmeschutzverglasung getönt Ausstattung:- Armlehne - Elektr. Seitenspiegel - Zentralverriegelung - Multifunktionslenkrad - Servolenkung - Bluetooth - CD-Spieler - Freisprecheinrichtung - Navigationssystem - Leichtmetallfelgen - Dachreling Geschwindigkeitsregulierung:- Tempomat Klimatisierung:- Klimaautomatik Sicherheit:- ABS - Elektr. Wegfahrsperre - ESP - Isofix - Nebelscheinwerfer - Regensensor - Start/Stopp-Automatik - Traktionskontrolle Airbags:- Front-, Seiten- und weitere Airbags Tagfahrlicht (Art):- Tagfahrlicht Innenausstattung:- Stoff Farbe der Innenausstattung:- Grau Kombi Gebrauchtfahrzeug Reparierter Unfallschaden Hubraum: 1995 cm³ Anzahl der Türen: 4/5 Türen Anzahl Sitzplätze: 5 Schadstoffklasse: Euro6 Umweltplakette: 4 (Grün) Anzahl der Fahrzeughalter: 2 HU: Neu Farbe: Weiß Farbe (Hersteller): ALPINWEISS III Innenausstattung: Stoff Farbe der Innenausstattung: Grau Airbags: Front-, Seiten- und weitere Airbags Anhängerkupplung: -- Tagfahrlicht (Art): Tagfahrlicht Ausstattung ABS, Armlehne, Bluetooth, CD-Spieler, Dachreling, ESP, Elektr. Seitenspiegel, Elektr. Wegfahrsperre, Freisprecheinrichtung, Garantie, Isofix, Leichtmetallfelgen, Multifunktionslenkrad, Navigationssystem, Nebelscheinwerfer, Nichtraucher-Fahrzeug, Partikelfilter, Regensensor, Servolenkung, Start/Stopp-Automatik, Traktionskontrolle, Zentralverriegelung Inserat bereitgestellt von",10.06.2026,72,True,73000,Januar 2016,Diesel,Automatik,2026-06-11T00:21:09.413996
3431700757,BMW 320d Xdrive Shadow Line,24.000 € VB,33729 Altenhagen,https://www.kleinanzeigen.de/s-anzeige/bmw-320d-xdrive-shadow-line/3431700757-216-20980,BMW 320d Xdrive Shadow Line,24.000 € VB,24000,"Biete hier meinen BMW 320d Xdrive aus dem Jahr 2019 an. Das Auto hat frisch TÜV bekommen und auch komplett ohne Möngel bestanden. Auch der Ölwechsel, Bremsflüssigkeit und der Kraftstofffilter sind neu gekommen. (Belege liegen bei Besichtigung vor). Das Auto bietet absolut viel Fahrspaß und ist eine super Alternative zwischen Platz und Sportlichkeit. Auch der schwarze Dachhimmel macht die Optik deutlich besser. Natürlich sind Winterreifen mit dabei. Bei Fragen gerne schreiben.",10.06.2026,71,True,173000,Mai 2019,Diesel,Automatik,2026-06-11T00:21:14.536021
