listing_id,search_title,search_price_text,location,url,title,price_text,price,description,is_active,mileage_km,first_registration,fuel,transmission
3421015412,BMW 3er Luxury 320d. Diesel 190 PS,27.999 € VB,59494 Soest,https://www.kleinanzeigen.de/s-anzeige/bmw-3er-luxury-320d-diesel-190-ps/3421015412-216-1452,Reserviert • Gelöscht • BMW 3er Luxury 320d. Diesel 190 PS,27.999 € VB,27999,"BMW 320d Automatik – 2.0 Diesel – EZ 12/2019 – 68.000 km Zum Verkauf steht ein sehr gepflegter BMW 320d mit dem zuverlässigen 2.0-Liter-Dieselmotor und Automatikgetriebe. Fahrzeugdaten: • Erstzulassung: 12/2019 • Kilometerstand: 68.000 km • 2.0 Liter Diesel • Automatikgetriebe • Unfallfrei • 2. Hand • Nichtraucherfahrzeug • 2 Fahrzeugschlüssel vorhanden Ausstattung: • Schiebedach • Großes Navigationssystem • Digitales Kombiinstrument (Digitaltacho) • Spurhalteassistent • Totwinkelassistent • Rückfahrkamera • Einparkhilfe vorne und hinten (PDC) • Tempomat • Sitzheizung • Multifunktionslenkrad • Klimaautomatik • Bluetooth / Freisprecheinrichtung • LED-Scheinwerfer Das Fahrzeug befindet sich technisch und optisch in einem sehr guten Zustand. Alle Wartungen wurden stets pünktlich durchgeführt und das Auto wurde immer sorgfältig behandelt. Der Motor läuft einwandfrei, das Automatikgetriebe schaltet sauber und es sind keine Reparaturen erforderlich. Das Fahrzeug stammt aus 2. Hand und überzeugt durch seinen niedrigen Kilometerstand, die umfangreiche Ausstattung sowie den sehr gepflegten Gesamtzustand. Es wurde stets zuverlässig gewartet und ist sofort einsatzbereit. Besichtigung und Probefahrt nach Absprache möglich. Bei Interesse gerne melden.",False,68000,Dezember 2019,Diesel,Automatik
3427966931,BMW 320 3 Touring 320d,4.999 €,46149 Oberhausen,https://www.kleinanzeigen.de/s-anzeige/bmw-320-3-touring-320d/3427966931-216-1290,Reserviert • Gelöscht • BMW 320 3 Touring 320d,4.999 €,4999,"Sonderausstattung: Audio-Navigationssystem Business, Ausstattungs-Paket: Edition Lifestyle, Dachreling schwarz, Fleet Edition (Hinweis: Ausstattung und Leistungsangabe können abweichen), Innenausstattung: Interieurleisten, schwarz hochglänzend, Klimaautomatik erweiterter Umfang, Lendenwirbelstütze Sitz vorn links und rechts, elektr. verstellbar, Reifensystem Run-Flat (mit Notlaufeigenschaften), Skisack, Sprachbediensystem, USB-Schnittstelle Weitere Ausstattung: Airbag Fahrer-/Beifahrerseite, Aktive Kopfstützen, Außenspiegel elektr. verstellbar, Außenspiegel heizbar, Außenspiegel Wagenfarbe, Blinkleuchten Weiß, Bordcomputer, Bremsenergierückgewinnung (Rekuperationssystem), Check-Control-System, Drehzahlmesser, Exterieurumfänge Wagenfarbe, Fensterheber elektrisch vorn + hinten, Fußmatten Velours, Heckleuchten LED, Isofix-Aufnahmen für Kindersitz an Rücksitz, Karosserie: 5-türig, Kopf-Airbag-System hinten, Kopf-Airbag-System vorn, Kopfstützen hinten mechan. verstellbar (3 Stück), Lenksäule (Lenkrad) mechan. verstellbar, LM-Felgen, Mittelarmlehne hinten, Modellpflege, Motor 2,0 Ltr. - 135 kW Turbodiesel KAT, Multifunktion für Lenkrad, Reifendruck-Kontrollsystem, Reifenpannen-Anzeige, Rücksitzlehne geteilt/klappbar, Seitenairbag vorn, Sitzbezug / Polsterung: Stoff Vertex, Sitze vorn mechanisch verstellbar, Stoßfänger Wagenfarbe, Wärmeschutzverglasung getönt Fahrzeugbeschreibung Bmw 320D 2,0 Diesel ---Automatik--- ---Navigationssystem--- ---1 HAND--- -Servolenkung -Klimaautomatik -Radio CD -USB -Bordcomputer -Zentralverrieglung mit Funk -Abs -Esp -Start/Stopp-Automatik -Navigationssystem -Tempomat -Sommer Reifen -Alufelgen -Einparkhilfe Hinten und Vorne -Multifunktionslenkrad -Drehzahlmesser -Scheckheftgepflegt -Nebelscheinwerfer -5 Kopfstützen -Armlehne -Norm Euro 5 -Automatik Getriebe -10 Airbag -Elektr. Fensterheber -Elektr. Außenspiegel >Finanzierung >Technische Kontrolle durchgeführt >Probefahrt möglich (Terminabsprache) >Technische Durchsicht auf Hebebühne möglich >Weiter Fahrzeuge im Angebot, besuchen Sie unsere Händlerseite >Bei weiteren Fragen rufen Sie uns gerne an oder schreiben sie uns eine Email >Unser Kompetentes Fachpersonal steht Ihnen gerne zur Verfügung >Zwischenverkauf sowie Irrtümer und Änderungen vorbehalten >Öffnungszeiten Mo – Fr 10:00 – 18:00 Uhr Sa. 10:00 – 14:00 Uhr >Finanzierung über unsere Partnerbank Santander zu günstigen Konditionen möglich >Gerne helfen wir Ihnen bei Kurzkennzeichen oder Ausfuhrkennzeichen Für weitere Infos steht Ihnen unser Team telefonisch unter 0208/ 30596864 oder mobil 01774777180 zur Verfügung. Gern nehmen wir auch Ihren Gebrauchten in Zahlung. Wir nehmen Ihr altes Fahrzeug In Zahlung. Haben wir Ihr Interesse geweckt? Dann vereinbaren Sie doch einfach einen Besichtigungs- bzw. Probefahrttermin! •Gerne nehmen wir Ihr altes Fahrzeug in Zahlung. •Aufgrund der aktuellen Situation, in der es schwer ist, einen Termin bei der Zulassungsstelle zu bekommen, überführen wir Ihnen das Fahrzeug bei Bedarf zu Ihrem Wunschort (innerhalb Deutschlands) oder sind Ihnen behilflich bei Tageszulassungen Wir sind auch außerhalb unserer Öffnungszeiten bereits Termine anzunehmen. Euro Automobile E.k Neumühlerstr 18 46149 Oberhausen Tel:+49 1774777180 Unsere Öffnungszeiten: Montag bis Freitag:10:00 Uhr - 18:00Uhr Samstag : 10:00-14:00 Uhr Bei Bedarf überführen wir Ihnen das Fahrzeug zu Ihrem Wunschort (Deutschland) oder sind Ihnen behilflich bei Tageszulassungen (Kurzkennzeichen). Alle Angaben und Texte sind ohne Gewähr. Zwischenverkauf vorbehalten. Alle Angebote sind unverbindlich, freibleibend und Irrtümer sind vorbehalten. Die Fahrzeugbeschreibung dient lediglich der allgemeinen Identifizierung des Fahrzeuges und stellt keine Gewährleistung im kaufrechtlichen Sinne dar. Ausschlaggebend sind einzig und allein die Vereinbarungen in der Auftragsbestätigung oder im Kaufvertrag. Den genauen Ausstattungsumfang erhalten Sie von unserem Verkaufspersonal. Wir erstellen unsere Inserate gewissenhaft und sorgfältig. Trotzdem bitten wir um Verständnis, das wir auf etwaige Fehler in der Anzeige keine Gewähr oder Haftung übernehmen können. ∗Irrtümer, Änderungen und Zwischenverkauf vorbehalten ∗ Bitte beachten sie, dass eine Probefahrt nur mit einer Pfandabgabe von 20€ gestattet wird. WIR BEANTWORTEN GERN IHRE TELEFONISCHEN ANFRAGEN WERKTAGS ZWISCHEN 8.00 UND 23.00 UHR! 01774777180 Kombi Gebrauchtfahrzeug Hubraum: 1995 cm³ Anzahl der Türen: 4/5 Türen Anzahl Sitzplätze: 5 Schadstoffklasse: Euro5 Umweltplakette: 4 (Grün) Anzahl der Fahrzeughalter: 1 HU: 10/2025 Farbe: Schwarz Metallic Farbe (Hersteller): SAPHIRSCHWARZ Innenausstattung: -- Farbe der Innenausstattung: -- Airbags: Front-, Seiten- und weitere Airbags Anhängerkupplung: -- Radio: Tuner/Radio Tagfahrlicht (Art): Tagfahrlicht Kurvenlicht (Art): Kurvenlicht Pannenhilfe: Pannenkit Ausstattung ABS, Armlehne, Beheizbare Frontscheibe, Bluetooth, Bordcomputer, CD-Spieler, Dachreling, ESP, Elektr. Fensterheber, Elektr. Seitenspiegel, Elektr. Wegfahrsperre, Freisprecheinrichtung, Isofix, Lederlenkrad, Leichtmetallfelgen, Lichtsensor, Multifunktionslenkrad, Navigationssystem, Navigationsvorbereitung, Nebelscheinwerfer, Nichtraucher-Fahrzeug, Notrufsystem, Partikelfilter, Regensensor, Reifendruckkontrolle, Scheckheftgepflegt, Schlüssellose Zentralverriegelung (Keyless), Servolenkung, Sommerreifen, Soundsystem, Sportfahrwerk, Sportpaket, Sportsitze, Sprachsteuerung, USB, Xenonscheinwerfer, Zentralverriegelung Inserat bereitgestellt von",False,199000,Juni 2012,Diesel,Automatik
3427771567,BMW 320 d Efficient Dynamics,13.390 €,44143 Mitte,https://www.kleinanzeigen.de/s-anzeige/bmw-320-d-efficient-dynamics/3427771567-216-1105,Reserviert • Gelöscht • BMW 320 d Efficient Dynamics,13.390 €,13390,"Sonderausstattung: Außen-/Innenspiegel mit Abblendautomatik, Business-Paket, Dachreling schwarz, Klimaautomatik 2-Zonen mit autom. Umluft-Control, Lenkrad (Sport/Leder), Metallic-Lackierung, Park-Distance-Control (PDC) vorn und hinten, Reifen-Reparaturset (Mobility-Pack), Scheinwerfer LED, Service-System: ConnectedDrive Services, Sitzheizung vorn, Spiegel-Paket Weitere Ausstattung: Ablage-Paket, Airbag Beifahrerseite abschaltbar, Airbag Fahrer-/Beifahrerseite, Audiosystem BMW Professional (Radio/CD-Player MP3-fähig), Auspuffanlage (2-Rohr-Anlage) mit Chromblenden, AUX-IN-Anschluss (AUX-IN), Außenspiegel elektr. verstell- und heizbar, Außenspiegel Wagenfarbe, Außentemperaturanzeige, Bordcomputer, Bremsassistent, Check-Control-System, Durchladeeinrichtung (Mittelarmlehne hinten), Dynamische Bremsleuchte, Dynamische Tractions Control (DTC), Fahrassistenz-System: Fahrerlebnisschalter, Farbmonitor (6,5 Zoll), Fernentriegelung Heckklappe, Freisprecheinrichtung Bluetooth mit USB-/Audio-Schnittstelle, Fußmatten Velours, Gepäckraum-Abtrennung (Netz), Gepäckraumabdeckung / Rollo, Getränkehalter, Heckklappenbetätigung automatisch, Heckleuchten LED, Innenausstattung: Interieurleisten Satin-Silber, matt, Isofix-Aufnahmen für Kindersitz, Karosserie: 5-türig, Kopf-Airbag-System hinten, Kopf-Airbag-System vorn, Kopfstützen hinten klappbar, Lenksäule (Lenkrad) mechan. verstellbar, LM-Felgen, Mittelarmlehne hinten, Modellpflege, Motor 2,0 Ltr. - 120 kW 16V Diesel, Multifunktion für Lenkrad, NOx-Speicherkatalysator (BMW Blue Performance), Personalisierungssystem (Personal Profile), Reifendruck-Kontrollsystem, Schadstoffarm nach Abgasnorm Euro 6, Seitenairbag hinten, Seitenairbag vorn, Service-System: Intelligenter Notruf inkl. TeleServices, Sitzbezug / Polsterung: Stoff Move, Sitze vorn höhen-/neigungsverstellbar, Start-Stop-Knopf, Start/Stop-Anlage (Funktion), Steckdose (12V-Anschluß) zusätzlich, Wärmeschutzverglasung getönt, Sitzheizung vorn. - Tel. 0231/4270957 / WhatsApp 01632612610, Aus 2. Hand, Scheckheftgepflegt, Unfallfrei - Abweichungen von Inserat-Angaben oder sonstigen Beschreibungen sind z.B. aufgrund von Irrtümern, fehlerhaften Daten, Übermittlungsfehlern möglich. Sehr gerne laden wir Sie zu einer unverbindlichen Probefahrt ein. Bitte vereinbaren Sie hierzu telefonisch einen Termin mit unseren Verkaufsberatern. Wir erstellen Ihnen auch gerne ein individuelles Finanzierungsangebot zu günstigen Konditionen. Selbstverständlich nehmen wir Ihren gebrauchten Wagen zu fairem Preis in Zahlung. Unsere Öffnungszeiten: Montag – Freitag von 9:00 – 18:00 Uhr durchgehend Samstag von 9:00 – 15:00 Uhr durchgehend Sonntags geschlossen. Kombi Gebrauchtfahrzeug Unfallfrei Hubraum: 1995 cm³ Anzahl der Türen: 4/5 Türen Anzahl Sitzplätze: 5 Schadstoffklasse: Euro6 Umweltplakette: 4 (Grün) Anzahl der Fahrzeughalter: 2 HU: 6/2028 Farbe: Schwarz Metallic Farbe (Hersteller): SAPHIRSCHWARZ Innenausstattung: Stoff Farbe der Innenausstattung: Schwarz Airbags: Front-, Seiten- und weitere Airbags Anhängerkupplung: -- Radio: Tuner/Radio Tagfahrlicht (Art): LED-Tagfahrlicht Pannenhilfe: Pannenkit Ausstattung ABS, Alarmanlage, Armlehne, Berganfahrassistent, Bluetooth, Bordcomputer, CD-Spieler, Dachreling, ESP, Elektr. Fensterheber, Elektr. Heckklappe, Elektr. Seitenspiegel, Elektr. Seitenspiegel anklappbar, Elektr. Wegfahrsperre, Freisprecheinrichtung, Garantie, Innenspiegel autom. abblendend, Isofix, Lederlenkrad, Leichtmetallfelgen, Lichtsensor, Lordosenstütze, Multifunktionslenkrad, Müdigkeitswarner, Navigationssystem, Nebelscheinwerfer, Nichtraucher-Fahrzeug, Notrufsystem, Partikelfilter, Regensensor, Reifendruckkontrolle, Scheckheftgepflegt, Servolenkung, Sitzheizung, Skisack, Sommerreifen, Soundsystem, Sprachsteuerung, Spurhalteassistent, Start/Stopp-Automatik, Traktionskontrolle, USB, Zentralverriegelung Inserat bereitgestellt von",False,150000,November 2017,Diesel,Automatik
3398016935,BMW 320d Touring M Sport AHK HeadUp Navi LED HiFi,45.490 €,57076 Siegen,https://www.kleinanzeigen.de/s-anzeige/bmw-320d-touring-m-sport-ahk-headup-navi-led-hifi/3398016935-216-1029,Reserviert • Gelöscht • BMW 320d Touring M Sport AHK HeadUp Navi LED HiFi,45.490 €,45490,"Antrieb, Fahrwerk - Größerer Kraftstofftank - M Sportfahrwerk - Sport-Automatic Getriebe - Sportfahrwerk - Variable Sportlenkung Außenausstattung - Dachreling Hochglanz Shadow-Line - Heckklappenbetätigung automatisch - LM-Felgen Editionen und Pakete - Ablagenpaket - ConnectedDrive Services (laufzeitgebundener Dienst) - ConnectedPackage Professional (laufzeitgebundener Dienst) - Guidance Paket - Innovationspaket II - M Aerodynamikpaket - M Sportpaket - Sportpaket Exterieur - Anhängerzugvorrichtung mit schwenkbarem Kugelkopf - Dachreling - Elektrische Gepäckraumklappe Fahrerassistenz - Geschwindigkeitsregelung mit Bremsfunktion - Gesetzlicher Notruf - Head-Up Display - Park Distance Control (PDC) - Parking Assistant Plus - Rückfahrkamera - Spurwechselwarnung - TeleServices Individualumfänge - BMW Individual Dachreling Hochglanz Shadow Line - BMW Individual Hochglanz Shadow Line - Dachhimmel Individual anthrazit Komfort, Innenausstattung - Ambientes Licht - Außenspiegel elektr. anklappbar - Außenspiegel elektr. verstell- und heizbar - Bordcomputer - DAB-Tuner (Radioempfang digital) - Durchladeeinrichtung (Mittelarmlehne hinten) - Durchladesystem - Einparkhilfe selbstlenkendes System - Einparkhilfe Sensoren vorne - Fondkopfstützen klappbar - Galvanikapplikation für Bedienelemente - Gepäckraum-Abtrennung (Netz) - Geschwindigkeits-Regelanlage mit Bremsfunktion - Innen- und Aussenspiegel automatisch abblendend - Innenspiegel mit Abblendautomatik - Keyless Entry - Klimaautomatic - Klimaautomatik 3-Zonen mit autom. Umluft-Control - Komfortzugang - Lederlenkrad - Lenkrad (Leder) mit Multifunktion M-Technic - Licht- und Regensensor - Lordose - Lordosenstuetze fuer Fahrer und Beifahrer - M Lederlenkrad - Park-Distance-Control (PDC) vorn und hinten - Servolenkung - Servolenkung Servotronic - Sitzheizung fuer Fahrer und Beifahrer - Sitzverstellung, elektrisch fuer Fahrer und Beifahrer - Sonnenschutzverglasung - Sportsitze - Sportsitze fuer Fahrer und Beifahrer - Start/Stop-Anlage (Funktion) - Variable Sportlenkung - Widescreen Display Multimedia - BMW Live Cockpit Professional (laufzeitgebundener Dienst) - Bordcomputer - DAB Tuner - HiFi Lautsprechersystem Räder - Alufelgen - Radschraubensicherung - Reifenreparatur-Set Sicherheit/Umwelt - Airbag Beifahrerseite abschaltbar - Airbag Fahrer-/Beifahrerseite - Anti-Blockier-System (ABS) - Bremsassistent - Dynamische Stabilitäts-Control (DSC) - Dynamische Stabilitäts-Control (DSC) mit erweiterter Umfang - Fahrassistenz-System: Active Guard Plus (Spurhalteassistent, Frontkollisionswarnung) - Fahrassistenz-System: Aufmerksamkeits-Assistent - Fahrassistenz-System: Speed-Limit-Anzeige - Fahrassistenz-System: Verkehrszeichenerkennung mit Speed Limit-Assistent - Geschwindigkeits-Begrenzeranlage (Speed Limit Device) - Kopf-Airbag-System hinten - Kopf-Airbag-System vorn - Reifendruck-Kontrollsystem - Rußpartikelfilter - Scheinwerfer LED - Seitenairbag hinten - Seitenairbag vorn - Service-System: Intelligenter Notruf inkl. TeleServices - Tagfahrlicht LED Sitzbezug - SENSATEC PERFORIERT SCHWARZ Sonstiges - Ablage für Wireless Charging - Ablage-Paket - Active Guard Plus - Aerodynamik-Paket M-Technic - Alarmanlage - Ambiente-Beleuchtung - Anhängerkupplung (Kugelkopf schwenkbar) - Außenausstattung: Shadow-Line Hochglanz - Außenspiegel mit Bordsteinautomatik, rechts - Außenspiegel Wagenfarbe - Ausstattungs-Paket: Connected Professional - Bedienelemente galvanisiert - Blinkleuchte in Außenspiegel integriert - Blinkleuchten LED - BMW Curved Display - BMW Live Cockpit Plus - CO2-Umfang - Comfort-Paket - Dachhimmel Anthrazit - Deutsch / Bordliteratur - Deutschland-Ausfuehrung - Diebstahlsicherung für Räder (Felgenschlösser) - Differenzialsperre - Dynamische Bremsleuchte - Dynamische Tractions Control (DTC) - Elektrisch verstellbare Spiegel - Erste Hilfe-Kasten / Verbandkasten - EU-spezifische Zusatzumfaenge - Fahrassistenz-System: Fahrerlebnisschalter - Fahrassistenz-System: Fernlichtassistent - Fernentriegelung Heckklappe - Frontscheibe (Ausführung: Klimakomfort) - Fzg. ohne Modell-Schriftzug - HiFi-Lautsprechersystem - Innovations-Paket (2) - Interieurleisten Aluminium Rhombicle Anthrazit - Kältemittel - Kilometertacho - Lendenwirbelstütze Sitz vorn links und rechts, elektr. verstellbar - Metallic-Lackierung - Modellschriftzug, Entfall - Müdigkeitswarnsystem - Ölwartungsintervall - 24 Monate/25.000 km - Personal eSIM - Personalisierungssystem (Personal eSIM) - Reifen-Reparaturset (Mobility-Pack) - Sitzbezug / Polsterung: Sensatec perforiert - Sonnenschutzverglasung (hinten abgedunkelt) - Steuerung Infotainment - Verkehrszeichenerkennung Umwelt, Sicherheit - Abgasnorm EU6 RDE II - ABS - Adaptiver LED-Scheinwerfer - Aktiver Fussgängerschutz - Alarmanlage - Auto Start/Stop Funktion - Beifahrerairbag - Beifahrerairbag-Deaktivierung - Dieselpartikelfilter - Driving Assistant - ESP - Fahrerairbag - Fernlichtassistent - Innenspiegel, automatisch abblendend - Kopfairbag - LED-Scheinwerfer - LED-Tagfahrlicht - Lichtsensor - Notbremsassistent - Regensensor - Reifen Druck Control - Rekuperationssystem - Seitenairbag - Tagfahrlichtschaltung - Traction Control - Warndreieck Irrtümer und Zwischenverkauf vorbehalten. Kombi Vorführfahrzeug Unfallfrei Hubraum: 1995 cm³ Anzahl der Türen: 4/5 Türen Anzahl Sitzplätze: 5 Schadstoffklasse: Euro6 Umweltplakette: 4 (Grün) Anzahl der Fahrzeughalter: 1 HU: Neu Farbe: Schwarz Metallic Farbe (Hersteller): BLACK SAPPHIRE Innenausstattung: Kunstleder Farbe der Innenausstattung: Schwarz Airbags: Front-, Seiten- und weitere Airbags Anhängerkupplung: Anhängerkupplung schwenkbar Radio: Tuner/Radio, Radio DAB Tagfahrlicht (Art): LED-Tagfahrlicht Kurvenlicht (Art): Kurvenlicht Ausstattung ABS, Abgedunkelte Scheiben, Abstandswarner, Alarmanlage, Ambiente-Beleuchtung, Android Auto, Apple CarPlay, Armlehne, Berganfahrassistent, Blendfreies Fernlicht, Bluetooth, Bordcomputer, Dachreling, ESP, Elektr. Fensterheber, Elektr. Heckklappe, Elektr. Seitenspiegel, Elektr. Sitzeinstellung, Elektr. Wegfahrsperre, Fernlichtassistent, Freisprecheinrichtung, Garantie, Gepäckraumabtrennung, Geschwindigkeitsbegrenzer, Head-Up Display, Induktionsladen für Smartphones, Innenspiegel autom. abblendend, Isofix, Lederlenkrad, Leichtmetallfelgen, Lichtsensor, Lordosenstütze, Multifunktionslenkrad, Musikstreaming integriert, Müdigkeitswarner, Navigationssystem, Notbremsassistent, Notrufsystem, Partikelfilter, Regensensor, Reifendruckkontrolle, Schaltwippen, Scheckheftgepflegt, Schlüssellose Zentralverriegelung (Keyless), Servolenkung, Sitzheizung, Soundsystem, Sportfahrwerk, Sportpaket, Sportsitze, Sprachsteuerung, Spurhalteassistent, Start/Stopp-Automatik, Touchscreen, Traktionskontrolle, USB, Verkehrszeichenerkennung, Volldigitales Kombiinstrument, WLAN / Wifi Hotspot, Zentralverriegelung Inserat bereitgestellt von",False,11420,August 2025,Diesel,Automatik
3428445954,BMW 320d e91,3.000 € VB,58540 Meinerzhagen,https://www.kleinanzeigen.de/s-anzeige/bmw-320d-e91/3428445954-216-1428,Reserviert • Gelöscht • BMW 320d e91,3.000 € VB,3000,"Verkaufe meinen BMW 320d E91. Technisch einwandfrei. Mit dem Auto wurde überwiegend über Autobahn zum Arbeit gefahren. Fahrzeugdaten - Modell: BMW 320d E91 - Kilometerstand: 283.000 km - TÜV: bis 06/2027 - Kraftstoff: Diesel - Getriebe: Automatik - Durchschnittsverbrauch: 6.5 L - Vorbesitzer: 3 Ausstattung - Klimaanlage - Sitzheizung - Panoramadach - Tempomat - Einpark Sensoren - Reifendruck Sensoren - etc. Im Dezember und Januar wurde folgendes gemacht: - Ölwechsel - Getriebeöl Wechsel - Glühkerzen Steuergerät neu - Ansaugbrücke neu - Lichtmaschine + Akku neu - Vor 2 Wochen wurden die Reifen erneuert (Allwetterreifen) Mängeln: - Stoßdämpfer vorne wurde von Vorbesitzer berührt - Stoßdämpfer hinten Kratzer - Fernbedienung seit paar Wochen funktioniert nicht - Abdeckung von Panoramadach ist nicht vorhanden Scheckheft ist verloren Nichtraucher-Fahrzeug Für Fragen bin ich jederzeit erreichbar. Privatverkauf, daher keine Garantie oder Rücknahme MfG Samuel",False,283000,Mai 2008,Diesel,Automatik
3428426025,BMW 320d Touring Luxury Line RATENZAHLUNG MÖGLICH,4.600 €,51427 Bergisch Gladbach,https://www.kleinanzeigen.de/s-anzeige/bmw-320d-touring-luxury-line-ratenzahlung-moeglich/3428426025-216-1587,Reserviert • Gelöscht • BMW 320d Touring Luxury Line RATENZAHLUNG MÖGLICH,4.600 €,4600,"Zum Verkauf steht ein gepflegter BMW 320d Touring mit 184 PS und umfangreicher Ausstattung. Das Fahrzeug ist technisch in gutem Zustand, regelmäßig gewartet und sofort einsatzbereit. Daten: * Erstzulassung: 02/2012 * Kilometerstand: 316.011 km * Diesel, 184 PS (135 kW) * Schaltgetriebe * Farbe: Grau * 2 Vorbesitzer Ausstattung & Extras: * Vollausstattung * Lederausstattung * Navigationssystem * TÜV bis 07/2027 (ohne Mängel) * Neue Bremsen * Neue Batterie * Viele weitere Teile erneuert Besichtigung und Probefahrt nach Absprache möglich. Ratenzahlung ist nach Vereinbarung möglich. Bei Interesse gerne melden. Kombi Gebrauchtfahrzeug Unfallfrei Hubraum: 1995 cm³ Anzahl der Türen: 4/5 Türen Anzahl Sitzplätze: 5 Schadstoffklasse: Euro6 Umweltplakette: 4 (Grün) Anzahl der Fahrzeughalter: 2 HU: 7/2027 Farbe: Grau Metallic Farbe (Hersteller): -- Innenausstattung: Teilleder Farbe der Innenausstattung: Schwarz Airbags: Front-, Seiten- und weitere Airbags Anhängerkupplung: -- Radio: Tuner/Radio, Radio DAB Tagfahrlicht (Art): LED-Tagfahrlicht Kurvenlicht (Art): Kurvenlicht Ausstattung ABS, Allwetterreifen, Armlehne, Berganfahrassistent, Bluetooth, Bordcomputer, CD-Spieler, Dachreling, ESP, Elektr. Fensterheber, Elektr. Heckklappe, Elektr. Seitenspiegel, Freisprecheinrichtung, Gepäckraumabtrennung, Geschwindigkeitsbegrenzer, Isofix, Lederlenkrad, Leichtmetallfelgen, Lichtsensor, Multifunktionslenkrad, Navigationssystem, Nebelscheinwerfer, Nichtraucher-Fahrzeug, Notrufsystem, Partikelfilter, Regensensor, Reifendruckkontrolle, Scheckheftgepflegt, Servolenkung, Sitzheizung, Sprachsteuerung, Start/Stopp-Automatik, Traktionskontrolle, USB, Xenonscheinwerfer, Zentralverriegelung Privatanbieter 51427 Bergisch Gladbach Deutschland Tel.: +49 176 24141756 Inserat bereitgestellt von",False,316000,März 2012,Diesel,Manuell
3428406531,BMW F30 320D WEIS 19ZOLL,8.500 €,48155 Münster-​Hafen,https://www.kleinanzeigen.de/s-anzeige/bmw-f30-320d-weis-19zoll/3428406531-216-25640,Reserviert • Gelöscht • BMW F30 320D WEIS 19ZOLL,8.500 €,8500,"Vom Verkauf wird noch TÜV neu gemacht Hiermit verkaufe ich meinen Privatfahrzeug, den ich knapp fast zwei Jahre fahre. Motor und Getriebe laufen einwandfrei. Das Auto lässt sich super fahren. Trotz der Laufleistung hört man keine Nebengeräusche. Das Fahrzeug wird regelmäßig in einem sauberen Zustand gehalten. Ölfilter werden regelmäßig gewechselt das Auto wurde mehr auf der Langstrecke benutzt hinten Tür leicht beschädigt. Das Auto besitzt 19 Zoll Felgen passend zu der weiße Farbe getönte Scheiben mit AB. Bei Interesse könnt ihr euch noch melden wird jeden Tag bewegt Probefahrt Besichtigung. Nach Absprache entnehmen sich die Bilder keine Garantie keine Rücknahme keine Gewährleistung Privattausch ist möglich. Bietet mir was an. Am besten einen Sieben Sitzer sonst BMW Audi Mercedes VW.",False,322000,Juli 2014,Diesel,Manuell
3428400522,BMW 320d xDrive Touring Sport Line,22.990 €,58239 Schwerte,https://www.kleinanzeigen.de/s-anzeige/bmw-320d-xdrive-touring-sport-line/3428400522-216-1916,Reserviert • Gelöscht • BMW 320d xDrive Touring Sport Line,22.990 €,22990,"Kombi Gebrauchtfahrzeug Unfallfrei Hubraum: 1995 cm³ Anzahl der Türen: 4/5 Türen Anzahl Sitzplätze: 5 Schadstoffklasse: Euro6d Umweltplakette: 4 (Grün) Anzahl der Fahrzeughalter: 2 HU: 12/2027 Farbe: Grau Metallic Farbe (Hersteller): -- Innenausstattung: Teilleder Farbe der Innenausstattung: Schwarz Airbags: -- Anhängerkupplung: -- Radio: Radio DAB Tagfahrlicht (Art): LED-Tagfahrlicht Ausstattung ABS, Abstandswarner, Alarmanlage, Allradantrieb, Allwetterreifen, Ambiente-Beleuchtung, Android Auto, Armlehne, Bluetooth, Bordcomputer, Dachreling, ESP, Elektr. Fensterheber, Elektr. Heckklappe, Elektr. Seitenspiegel, Elektr. Sitzeinstellung, Freisprecheinrichtung, Gepäckraumabtrennung, Geschwindigkeitsbegrenzer, Innenspiegel autom. abblendend, Isofix, Lederlenkrad, Leichtmetallfelgen, Lichtsensor, Lordosenstütze, Multifunktionslenkrad, Müdigkeitswarner, Navigationssystem, Nebelscheinwerfer, Nichtraucher-Fahrzeug, Notbremsassistent, Notrufsystem, Partikelfilter, Regensensor, Reifendruckkontrolle, Scheckheftgepflegt, Servolenkung, Sitzheizung, Soundsystem, Sportfahrwerk, Sportsitze, Sprachsteuerung, Spurhalteassistent, Start/Stopp-Automatik, Touchscreen, Traktionskontrolle, USB, Verkehrszeichenerkennung, Zentralverriegelung Der Preis ist Verhandlungsbasis. Privatanbieter 58239 Schwerte Deutschland Inserat bereitgestellt von",False,108930,September 2020,Diesel,Automatik
3414658976,BMW f31 325d Mpaket TÜV 03/28 320d,17.400 € VB,52076 Aachen-​Brand,https://www.kleinanzeigen.de/s-anzeige/bmw-f31-325d-mpaket-tuev-03-28-320d/3414658976-216-1927,Reserviert • Gelöscht • BMW f31 325d Mpaket TÜV 03/28 320d,17.400 € VB,17400,"Hallo zusammen, Ich möchte mich wegen Neuzugang von meinem bmw f31 325d trennen. Es ist ein Deutsches Fahrzeug, überzeugt durch einen guten Zustand und besitzt eine umfangreiche Ausstattung unter anderem ein HK Soundsystem, Schiebedach und vieles mehr - den Bildern zu entnehmen. Er wurde von mir stets gepflegt und gewartet. Ölwechsel alle 10.000km. Es sind Eibach Federn verbaut, sowie JR30 20zoll Sommerfelgen - selbstverständlich eingetragen. Winterreifen orig. Mpaket 18zoll mit neuen Winterreifen werden auch mitgegeben - sowie auch die Originalen Federn Der Wagen ist ohne Probleme durch den tüv gekommen, und hat tüv bis März 2028. Also einsteigen und sorgenfrei losfahren. Bei Fragen und ernsthaftem Interesse gerne melden. Oder anrufen unter 015170517057 Preis VB MfG Jansen",False,187000,Mai 2014,Diesel,Automatik
3428366973,BMW 320d Touring Sport Line Sport Line,17.350 €,45326 Altenessen,https://www.kleinanzeigen.de/s-anzeige/bmw-320d-touring-sport-line-sport-line/3428366973-216-2036,Reserviert • Gelöscht • BMW 320d Touring Sport Line Sport Line,17.350 €,17350,"BMW zu verkaufen – gepflegt und zuverlässig Ich verkaufe meinen BMW aus 01/2016 mit aktuell 104.000 km Laufleistung. Das Fahrzeug befindet sich in einem guten, gepflegten Zustand und wurde regelmäßig gewartet. Details: Erstzulassung: 01/2016 Laufleistung: 104.000 km BMW-M Sportlenkrad Motor und Getriebe laufen einwandfrei Nichtraucherfahrzeug Innenraum sauber und gepflegt Das Auto ist sowohl optisch als auch technisch in einem guten Zustand. Normale Gebrauchsspuren sind vorhanden, bleiben bei dem Alter aber nicht aus. Besichtigung und Probefahrt sind nach Absprache möglich. Bei Interesse einfach melden. Kombi Gebrauchtfahrzeug Unfallfrei Hubraum: 1995 cm³ Anzahl der Türen: 4/5 Türen Anzahl Sitzplätze: 5 Schadstoffklasse: Euro6c Umweltplakette: 4 (Grün) Anzahl der Fahrzeughalter: 2 HU: 9/2026 Farbe: Weiß Farbe (Hersteller): -- Innenausstattung: Teilleder Farbe der Innenausstattung: Schwarz Airbags: Front-, Seiten- und weitere Airbags Anhängerkupplung: -- Radio: Tuner/Radio, Radio DAB Tagfahrlicht (Art): LED-Tagfahrlicht Kurvenlicht (Art): Kurvenlicht Pannenhilfe: Pannenkit Ausstattung ABS, Abstandswarner, Ambiente-Beleuchtung, Armlehne, Berganfahrassistent, Bluetooth, Bordcomputer, CD-Spieler, Dachreling, ESP, Elektr. Fensterheber, Elektr. Heckklappe, Elektr. Seitenspiegel, Elektr. Sitzeinstellung, Elektr. Wegfahrsperre, Fernlichtassistent, Freisprecheinrichtung, Gepäckraumabtrennung, Geschwindigkeitsbegrenzer, Head-Up Display, Innenspiegel autom. abblendend, Isofix, Lederlenkrad, Leichtmetallfelgen, Lichtsensor, Lordosenstütze, Multifunktionslenkrad, Navigationssystem, Nebelscheinwerfer, Nichtraucher-Fahrzeug, Notbremsassistent, Notrufsystem, Partikelfilter, Regensensor, Reifendruckkontrolle, Schaltwippen, Schlüssellose Zentralverriegelung (Keyless), Servolenkung, Sitzheizung, Sommerreifen, Soundsystem, Sportfahrwerk, Sportsitze, Start/Stopp-Automatik, Traktionskontrolle, USB, Verkehrszeichenerkennung, Winterreifen, Xenonscheinwerfer, Zentralverriegelung Der Preis ist Verhandlungsbasis. Privatanbieter 45326 Essen Deutschland Tel.: +49 1573 4409969 Inserat bereitgestellt von",False,104000,Januar 2016,Diesel,Automatik
3428342530,bmw e91 320d 177ps,3.500 € VB,51399 Burscheid,https://www.kleinanzeigen.de/s-anzeige/bmw-e91-320d-177ps/3428342530-216-1512,Reserviert • Gelöscht • bmw e91 320d 177ps,3.500 € VB,3500,Ich verkaufe ein gut gepflegtes Fahrzeug; es weist keinerlei Mängel auf. Eine Probefahrt ist möglich. Das Auto wird abgemeldet an den neuen Besitzer übergeben.,False,324000,Juni 2008,Diesel,Automatik
3428339418,BMW 320D F31 Touring / Kombi,8.900 € VB,47441 Moers,https://www.kleinanzeigen.de/s-anzeige/bmw-320d-f31-touring-kombi/3428339418-216-2127,Reserviert • Gelöscht • BMW 320D F31 Touring / Kombi,8.900 € VB,8900,"BMW 320D F31 Touring / Kombi Verkauft wird hier einen Sehr gepflegte deutsches Fahrzeug aus dritter Hand Voll fahrbereit Motor und Getriebe einwandfrei 1A Allgemeine Zustand top 8 fach bereift 320d euro 5 Plakette 4 Grün Automatik Getriebe 8-Gang Sport Navigation System Professional Lautsprecher System professional Voll Elektrische Sitze vorne für fahrer und beifahrer Sitzheizung vorne Parktronik vorne und hinten Voll LED Scheinwerfer Adaptiv-Kurvenlicht LED Nebelscheinwerfer LED Tagfahrlicht Außenspiegel Elektrisch klappbar Außenspiegel automatisch ablendbar Kombi Gebrauchtfahrzeug Hubraum: 1995 cm³ Anzahl der Türen: 4/5 Türen Anzahl Sitzplätze: 5 Schadstoffklasse: Euro5 Umweltplakette: 4 (Grün) Anzahl der Fahrzeughalter: 3 HU: 10/2027 Farbe: Grau Farbe (Hersteller): -- Farbe der Innenausstattung: Schwarz Airbags: Front-, Seiten- und weitere Airbags Anhängerkupplung: -- Radio: Tuner/Radio, Radio DAB Tagfahrlicht (Art): LED-Tagfahrlicht Kurvenlicht (Art): Adaptives Kurvenlicht",False,266207,Oktober 2013,Diesel,Automatik
3428307205,BMW 320d -,5.000 €,47055 Duisburg-​Mitte,https://www.kleinanzeigen.de/s-anzeige/bmw-320d-/3428307205-216-2147,Reserviert • Gelöscht • BMW 320d -,5.000 €,5000,"Turboschaden lohnt sich nicht für mich zu reparieren da ich ein Benziner brauche. Limousine Gebrauchtfahrzeug Beschädigt, Unfallfahrzeug, Nicht fahrtauglich Hubraum: 1995 cm³ Anzahl der Türen: 4/5 Türen Anzahl Sitzplätze: 5 Schadstoffklasse: Euro5 Umweltplakette: -- Anzahl der Fahrzeughalter: Mehr als 4 HU: 7/2027 Farbe: Schwarz Metallic Farbe (Hersteller): -- Innenausstattung: Stoff Farbe der Innenausstattung: Schwarz Airbags: Front-Airbags Anhängerkupplung: -- Tagfahrlicht (Art): Tagfahrlicht Ausstattung ABS, Apple CarPlay, Armlehne, Bordcomputer, CD-Spieler, ESP, Elektr. Fensterheber, Elektr. Seitenspiegel, Elektr. Wegfahrsperre, Freisprecheinrichtung, Isofix, Lederlenkrad, Leichtmetallfelgen, Multifunktionslenkrad, Navigationssystem, Nebelscheinwerfer, Panorama-Dach, Partikelfilter, Raucherpaket, Regensensor, Reifendruckkontrolle, Scheinwerferreinigung, Schlüssellose Zentralverriegelung (Keyless), Servolenkung, Sitzheizung, Sommerreifen, Sprachsteuerung, Start/Stopp-Automatik, Traktionskontrolle, Xenonscheinwerfer, Zentralverriegelung Privatanbieter 47055 Duisburg Deutschland Tel.: +49 176 80833223 Inserat bereitgestellt von",False,307000,September 2008,Diesel,Manuell
3428265814,BMW 320d *TOURING*NAVI*PDC*KLIMA*,6.200 € VB,47623 Kevelaer,https://www.kleinanzeigen.de/s-anzeige/bmw-320d-touring-navi-pdc-klima-/3428265814-216-1137,Reserviert • Gelöscht • BMW 320d *TOURING*NAVI*PDC*KLIMA*,6.200 € VB,6200,"Zum Verkauf steht ein schöner BMW 320 Diesel mit großem Bildschirm (Navi). Der Wagen Stammt aus 3.Hand Das Fahrzeug befindet sich technisch in einem gutem Zustand,Motor sowie das Getriebe laufen einwandfrei und das Fahrzeug gibt ein tolles Fahrgefühl. Altersbedingt Gebrauchsspuren (Siehe Fotos) was bei dem Alter & den Kilometer normal ist. Das Fahrzeug bietet eine bequeme und sehr schöne Ausstattung. Alle Reifen wurden gerade erst zum 19.05.2026 erneuert.Allwetter(M+S) Rechnung vorhanden. Riesen plus Punkt ist das,dass Fahrzeug sehr wenig verbraucht wirklich wenig,aber dennoch eine starke Leistung hat. Der einzigste Mängel am Fahrzeug ist leider,durch selbst verschulden beim rückwärts fahren ein leichter Stoß gegen einer Laterne zustande gekommen ist,sodass PDC eine Fehlermeldung anzeigst.(1 Sensor) Fahrzeug ist noch angemeldet und kann bei Absprache gerne Probe gefahren werden. Privat Verkauf keine Garantie und Gewährleistung.",False,205297,September 2011,Diesel,Manuell
3428174047,BMW 320d Cabrio Edition Exclusive Edition Exclusive,9.900 €,59073 Hamm,https://www.kleinanzeigen.de/s-anzeige/bmw-320d-cabrio-edition-exclusive-edition-exclusive/3428174047-216-2020,Reserviert • Gelöscht • BMW 320d Cabrio Edition Exclusive Edition Exclusive,9.900 €,9900,"Das Auto ist sehr sauber, das Dach öffnet und schließt ganz normal und ist dicht hat 19 Zoll M Felgen Sommerreifen drauf . Tüv bis 12/2027 Cabrio/Roadster Gebrauchtfahrzeug Unfallfrei Hubraum: 1995 cm³ Anzahl der Türen: 2/3 Türen Anzahl Sitzplätze: 4 Schadstoffklasse: Euro5 Umweltplakette: 4 (Grün) Anzahl der Fahrzeughalter: 3 HU: 12/2027 Farbe: Weiß Farbe (Hersteller): -- Innenausstattung: Vollleder Farbe der Innenausstattung: Schwarz Airbags: -- Anhängerkupplung: -- Tagfahrlicht (Art): LED-Tagfahrlicht Kurvenlicht (Art): Adaptives Kurvenlicht Pannenhilfe: Pannenkit Ausstattung ABS, Armlehne, Berganfahrassistent, Bluetooth, Bordcomputer, CD-Spieler, ESP, Elektr. Fensterheber, Elektr. Seitenspiegel, Elektr. Sitzeinstellung, Elektr. Wegfahrsperre, Fernlichtassistent, Freisprecheinrichtung, Innenspiegel autom. abblendend, Isofix, Lederausstattung, Lederlenkrad, Leichtmetallfelgen, Lichtsensor, Multifunktionslenkrad, Navigationssystem, Nebelscheinwerfer, Nichtraucher-Fahrzeug, Notrufsystem, Partikelfilter, Regensensor, Reifendruckkontrolle, Scheinwerferreinigung, Schlüssellose Zentralverriegelung (Keyless), Servolenkung, Sitzheizung, Sommerreifen, Traktionskontrolle, Umklappbarer Beifahrersitz, Xenonscheinwerfer, Zentralverriegelung Der Preis ist Verhandlungsbasis. Privatanbieter 59073 Hamm Deutschland Tel.: +49 176 21417599 Inserat bereitgestellt von",False,249000,März 2012,Diesel,Automatik
3293739216,BMW 320d xDrive M-Sport FACEL. LED ACC NAVI SHZ PDC,41.090 €,57368 Lennestadt,https://www.kleinanzeigen.de/s-anzeige/bmw-320d-xdrive-m-sport-facel-led-acc-navi-shz-pdc/3293739216-216-1463,Reserviert • Gelöscht • BMW 320d xDrive M-Sport FACEL. LED ACC NAVI SHZ PDC,41.090 €,41090,"Fahrzeug-Nr.: 8E50859 Finanzierungsbeispiel: *Ein Aktions Zielfinanzierung-Finanzierungsbeispiel der BMW Bank GmbH, Lilienthalallee 26, 80939 München für Privatkunden und Geschäftskunden: 339,19 EUR monatl. Rate, 4,99 Prozent eff. Jahreszins bei 36 Monaten Laufzeit, einer Anzahlung von 12.047,00 EUR und einer Schlussrate von 20.745,00 EUR. (Sollzins gebunden p.a. 4,88 Prozent), Bruttokreditbetrag: 32.616,63 EUR, Nettokreditbetrag: 29.043,00 EUR) Ehemaliger Bruttolistenpreis zum Zeitpunkt der Auslieferung: 66.020€. Sie sparen zur UPE 35%. Ausstattungspakete: - M Sportpaket - Advantage Paket Garantie & Qualitätssiegel: - Garantie Assistenzsysteme: - Abstandsregeltempomat - Spurassistent - Spurwechselassistent - Launch Control - Speed Limit Info - Überholverbotsanzeige - PDC (Einparkhilfe) - Querverkehrswarnung - Auffahrwarner - City-/Notbremsassistent / Funktion - Müdigkeitserkennung / Aufmerksamkeitsassistent - Geschwindigkeitsbegrenzer - AutoHold Funktion/Halteassistent - Lichtsensor - Regensensor - Fußgängererkennung - Active Guard Plus - Remote Services / Vorbereitung - Check Control - Driving Assistant - Einparkhilfe vorne - intelligenter Notruf - Speed Limit Device - Stauassistent - TeleServices Licht: - LED Scheinwerfer - LED (Teil)-Rückleuchten - LED Tagfahrlicht - dynamische Bremsleuchten - Blinkleuchten seitlich in die Außenspiegel integriert - LED (Teil-) Blinker - Welcome Light Carpet Media & Infotainment: - Navigation / Online Navigation - 3D-Kartendarstellung - BMW Live Cockpit Professional - Concierge Service - Splitscreen-Funktion - APPS - Touchscreen-Display - Connected Package Professional - HiFi Lautsprechersystem - Radio - Audiosystem MP3-fähig - DAB Tuner - iDrive (BMW) - iPod®/iPhone®/Android Schnittstelle - USB-Schnittstelle/Anschluss - Bluetooth Schnittstelle - Controller auf Mittelkonsole - Freisprecheinrichtung - Telefonvorbereitung mit Bluetooth - Apple Car Play / Vorbereitung - BMW Connected - BMW Online / Vorbereitung - Connected Package - ConnectedDrive Services - Intelligent Functions - On-Street Parking Information Sicherheit & Technik: - Sportfahrwerk - Dynamic Stability Control (DSC) - Dynamische Traktions Control (DTC) - Cornering Brake Control - Fahrerlebnisschalter inkl. ECO PRO - Beifahrerairbag - Beifahrerairbag-Deaktivierung - Fahrerairbag - Kopfairbagsystem - Seitenairbags vorn - Tieferlegung - Antiblockiersystem (ABS) - Bremsassistent (BAS) - Gurtanlegekontrolle - Gurtkraftbegrenzer - Seitenaufprallschutz - Wegfahrsperre Komfort & Klima: - Klimakomfort-Frontscheibe - Sportlenkung - Frontscheibe in Akustik-Dämmglas - Spiegel elektrisch klappbar - Telematik/Notrufsystem (Vorbereitung) - 12,3 Zoll TFT Bildschirm für Instrumente - Außenspiegel mit Beifahrerspiegelabsenkung - Bordcomputer - elektrische Parkbremse - Innen-/Aussenspiegel automatisch abblendend - Komfortblinker (1xAntippen = 3xBlinken) - Serviceintervallanzeige mit Anzeige der Restwegstrecke - elektr. Spiegel beheizt - elektrische Fensterheber - ISOFIX Kindersitzbefestigung - Klimaautomatik - Zentralverriegelung mit Fernbedienung - (3-Zonen Klimaautomatik) - Sitzheizung - 12V Steckdose - abgedunkelte Scheibe(n) - Akustikverglasung - Center Lock Schalter - Colorglas - Luftgütesensor - Mittelarmlehne - Personal Profile - schlüsselloser Motorstart - Sportsitz(e) - verstellbare Oberschenkelauflage Reifen & Felgen: - Alufelgen 16 Zoll - Pannenset - Reifendruck-Kontrolle Exterieur & Design: - M-Aerodynamikpaket - Außenspiegelpaket - Shadow Line - BMW Twin Power Turbo Technologie Interieur & Design: - virtuelle Instrumente - M Fahrerfußstütze - Schaltwippen am Lenkrad - Sportlederlenkrad - Multifunktionslenkrad - Ambientebeleuchtung - Ambientes Licht - Dachhimmel anthrazit - Getränkehalter - Türvorfeldbeleuchtung in den Türgriffen und Beleuchtung der Griffmulde Gepäck- / Ladehilfen: - Fernentriegelung für Gepäckraumklappe - Ablagenpaket - Taschenhaken/halter - Verzurrösen Umwelt & Laden: - Active Air Stream Niere - Fehlbetankungsschutz - Partikelfilter - Start/Stopp Automatic - Umweltplakette 4 Getriebe: - Sportautomatik Weitere Informationen: - Nichtraucherfahrzeug - Scheckheft - Facelift Zwischenverkauf und Irrtümer vorbehalten. Die Fahrzeugbeschreibung dient ausschließlich der allgemeinen Identifikation des Fahrzeugs und stellt keine rechtsverbindliche Gewährleistung dar. Bitte beachten Sie, dass bestimmte Sonderausstattungen zusätzliche Kosten verursachen können. Verbindlich sind nur die Vereinbarungen im Kaufvertrag und der Auftragsbestätigung. Detaillierte Informationen zum Ausstattungsumfang erhalten Sie von unserem Verkaufspersonal. Limousine Gebrauchtfahrzeug Hubraum: 1995 cm³ Anzahl der Türen: 4/5 Türen Anzahl Sitzplätze: 5 Schadstoffklasse: Euro 6e Umweltplakette: 4 (Grün) Anzahl der Fahrzeughalter: -- HU: Neu Farbe: Schwarz Farbe (Hersteller): schwarz Innenausstattung: Vollleder Farbe der Innenausstattung: Schwarz Airbags: Front-, Seiten- und weitere Airbags Anhängerkupplung: -- Radio: Tuner/Radio, Radio DAB Tagfahrlicht (Art): LED-Tagfahrlicht Pannenhilfe: Pannenkit Ausstattung ABS, Abgedunkelte Scheiben, Abstandswarner, Allradantrieb, Ambiente-Beleuchtung, Apple CarPlay, Armlehne, Berganfahrassistent, Bluetooth, Bordcomputer, ESP, Elektr. Fensterheber, Elektr. Seitenspiegel, Elektr. Seitenspiegel anklappbar, Elektr. Wegfahrsperre, Freisprecheinrichtung, Garantie, Geschwindigkeitsbegrenzer, Innenspiegel autom. abblendend, Isofix, Lederausstattung, Lederlenkrad, Leichtmetallfelgen, Lichtsensor, Multifunktionslenkrad, Musikstreaming integriert, Müdigkeitswarner, Navigationssystem, Nichtraucher-Fahrzeug, Notbremsassistent, Notrufsystem, Partikelfilter, Regensensor, Reifendruckkontrolle, Schaltwippen, Scheckheftgepflegt, Servolenkung, Sitzheizung, Soundsystem, Sportfahrwerk, Sportpaket, Sportsitze, Spurhalteassistent, Start/Stopp-Automatik, Totwinkel-Assistent, Touchscreen, Traktionskontrolle, USB, Verkehrszeichenerkennung, Volldigitales Kombiinstrument, Zentralverriegelung Inserat bereitgestellt von",False,16674,Dezember 2024,Diesel,Automatik
3427518711,BMW 320 3 Touring 320d,2.190 €,48308 Senden,https://www.kleinanzeigen.de/s-anzeige/bmw-320-3-touring-320d/3427518711-216-13379,Reserviert • Gelöscht • BMW 320 3 Touring 320d,2.190 €,2190,"- Herzlich Willkommen, wir freuen uns sehr, dass wir mit unserem Angebot Ihr Interesse geweckt haben und garantieren Ihnen bereits jetzt schon, gepflegte und preiswerte Fahrzeuge kaufen zu können. - angeboten wird gut erhaltene Bmw 3er aus dem Baujahr 2006 - der Wagen befindet sich in einem sehr guten Zustand - Motor und Getriebe funktionieren, einwandfrei - Inspektion wird bei Fahrzeugübergabe neu gemacht - Tüv bis 09.2027 - allwetterreifen - Tempomat - Multifunktionslenkrad - Probefahrt jederzeit möglich - bei Interesse gerne melden - wir freuen uns auf Ihre Nachricht Sonderausstattung: Dachreling, Exterieurumfänge Wagenfarbe, Klimaautomatik erweiterter Umfang, Metallic-Lackierung, Multifunktion für Lenkrad Weitere Ausstattung: Airbag Fahrer-/Beifahrerseite, Audiosystem BMW Business CD (Radio/CD-Player), Außenspiegel elektr. verstellbar, Außenspiegel heizbar, Außenspiegel Wagenfarbe, Blinkleuchten Weiß, Bordcomputer, Check-Control-System, Drehzahlmesser, Fensterheber elektrisch vorn + hinten, Innenausstattung: Interieurleisten Titan, hell, Isofix-Aufnahmen für Kindersitz an Rücksitz, Karosserie: 5-türig, Kopf-Airbag-System hinten, Kopf-Airbag-System vorn, Kopfstützen hinten mechan. verstellbar (3 Stück), Lenksäule (Lenkrad) mechan. verstellbar, LM-Felgen, Mittelarmlehne hinten, Motor 2,0 Ltr. - 120 kW 16V Diesel, Reifendruck-Kontrollsystem, Reifenpannen-Anzeige, Rücksitzlehne geteilt/klappbar, Seitenairbag vorn, Sitzbezug / Polsterung: Stoff Fluid, Sitze vorn mechanisch verstellbar, Stoßfänger Wagenfarbe, Wärmeschutzverglasung getönt Kombi Gebrauchtfahrzeug Unfallfrei Hubraum: 1995 cm³ Anzahl der Türen: 4/5 Türen Anzahl Sitzplätze: 5 Schadstoffklasse: -- Umweltplakette: -- Anzahl der Fahrzeughalter: 2 HU: -- Farbe: Schwarz Metallic Farbe (Hersteller): SAPHIRSCHWARZ Innenausstattung: -- Farbe der Innenausstattung: -- Airbags: Front-, Seiten- und weitere Airbags Anhängerkupplung: Anhängerkupplung abnehmbar Ausstattung ABS, Allwetterreifen, Armlehne, CD-Spieler, Dachreling, ESP, Elektr. Fensterheber, Elektr. Seitenspiegel, Inspektion neu, Isofix, Lederlenkrad, Leichtmetallfelgen, Multifunktionslenkrad, Nebelscheinwerfer, Partikelfilter, Regensensor, Scheckheftgepflegt, Servolenkung, Xenonscheinwerfer, Zentralverriegelung Inserat bereitgestellt von",False,312000,April 2006,Diesel,Manuell
3427422063,BMW 320d Advantage 3 touring kette gerissen dreht,13.500 €,42285 Barmen,https://www.kleinanzeigen.de/s-anzeige/bmw-320d-advantage-3-touring-kette-gerissen-dreht/3427422063-216-1572,Reserviert • Gelöscht • BMW 320d Advantage 3 touring kette gerissen dreht,13.500 €,13500,"Motorproblem kette gerissen dreht startet nicht. 2xschlüssel. +49 162 3103003 Mails werden nicht beantwortet. -Festpreis- Bilder / Live Video Per Whatsapp WhatsApp : +49 162 3103003 Montag bis Freitag 09:00Uhr-17:30Uhr Samstag 10:00Uhr bis 16Uhr Sonntag Geschlossen Adresse: Konsumstraße 8 42285 Wuppertal PKW ANKAUF : sie haben ein defektes Auto was sie verkaufen möchten ? Wir kaufen alle arten von defekte , egal ob Motorschaden Getriebeschaden oder Unfallschaden Jetzt Kontaktieren per Whatsapp +49 162 3103003 für sofort verkauf ! INSTRAGRAM @Maximumcars24 Haftungsausschluss für Angaben im online Inserat , da Tippfehler oder irrtum Möglich sind Sonderausstattung: Business-Paket, Induktionsladeschale für Smartphone (Wireless Charging), Metallic-Lackierung Weitere Ausstattung: Ablage-Paket, Advantage, Airbag Beifahrerseite abschaltbar, Airbag Fahrer-/Beifahrerseite, Aktive Motorhaube, Auspuffanlage (2-Rohr-Anlage) mit Chromblenden, Außenspiegel elektr. verstell- und heizbar, Befestigungssystem im Kofferraum, Bordcomputer, Bremsassistent, Dachreling schwarz, Diebstahlsicherung für Räder (Felgenschlösser), Durchladeeinrichtung (Mittelarmlehne hinten), Dynamische Bremsleuchte, Dynamische Tractions Control (DTC), Erste Hilfe-Kasten / Verbandkasten, Fahrassistenz-System: Active Guard (Bremsassistent), Fahrassistenz-System: Active Guard Plus (Spurhalteassistent, Frontkollisionswarnung), Fahrassistenz-System: Aufmerksamkeits-Assistent, Fahrassistenz-System: Fahrerlebnisschalter, Freisprecheinrichtung mit USB-Schnittstelle, Frontscheibe Akustikglas, Fußmatten Velours, Gepäckraum-Abtrennung (Netz), Heckklappenbetätigung automatisch, Heckleuchten LED, Innenausstattung: Interieurleisten Quarz-Silber matt genarbt, Innenspiegel mit Abblendautomatik, Isofix-Aufnahmen für Kindersitz an Rücksitz, Karosserie: 5-türig, Klimaautomatik 3-Zonen mit autom. Umluft-Control, Kopf-Airbag-System hinten, Kopf-Airbag-System vorn, Kopfstützen hinten klappbar, Lenkrad (Sport/Leder) mit Multifunktion, LM-Felgen, Mittelarmlehne hinten, Motor 2,0 Ltr. - 140 kW 16V Turbodiesel, Park-Distance-Control (PDC) vorn und hinten, Parkbremse elektrisch, Personalisierungssystem (Personal Profile), Reifendruck-Kontrollsystem, Rücksitzlehne geteilt/klappbar (40:20:40), Schadstoffarm nach Abgasnorm Euro 6d-TEMP, Scheinwerfer LED, Seitenairbag vorn, Service-System: ConnectedDrive Services, Service-System: Gesetzlicher Notruf, Service-System: Intelligenter Notruf inkl. TeleServices, Sitzbezug / Polsterung: Stoff Hevelius, Start-Stop-Knopf, Start/Stop-Anlage (Funktion), Warndreieck , Innenspiegel automatisch abblendend Kombi Gebrauchtfahrzeug Beschädigt, Nicht fahrtauglich Hubraum: 1995 cm³ Anzahl der Türen: 4/5 Türen Anzahl Sitzplätze: 5 Schadstoffklasse: Euro6 Umweltplakette: 4 (Grün) Anzahl der Fahrzeughalter: 1 HU: -- Farbe: Weiß Metallic Farbe (Hersteller): MINERALWEISS Innenausstattung: Stoff Farbe der Innenausstattung: Schwarz Airbags: Front-, Seiten- und weitere Airbags Anhängerkupplung: -- Ausstattung ABS, Alarmanlage, Armlehne, Dachreling, ESP, Elektr. Seitenspiegel, Elektr. Wegfahrsperre, Freisprecheinrichtung, Innenspiegel autom. abblendend, Isofix, Multifunktionslenkrad, Partikelfilter, Regensensor, Servolenkung, Start/Stopp-Automatik, Traktionskontrolle Inserat bereitgestellt von",False,79352,November 2019,Diesel,Manuell
3428146268,BMW 320 d E 46 UNfall Fahrbereit,1.650 €,49549 Ladbergen,https://www.kleinanzeigen.de/s-anzeige/bmw-320-d-e-46-unfall-fahrbereit/3428146268-216-1312,Reserviert • Gelöscht • BMW 320 d E 46 UNfall Fahrbereit,1.650 €,1650,"Biete einen BMW 320 d mit einem kleinen Schaden rechts Querlenker und Federbein erneuert bedingt Fahrbereit .. Hundefahrzeug recht schmutzig ,, Für letzten Tüv einiges erneuert .. für kleines Geld zu reparieren .",False,363472,Februar 2002,Diesel,Manuell
3428135042,BMW 320 d Limousine,19.900 €,45701 Herten,https://www.kleinanzeigen.de/s-anzeige/bmw-320-d-limousine/3428135042-216-1831,Reserviert • Gelöscht • BMW 320 d Limousine,19.900 €,19900,Verkaufe mein Auto Baujahr Dezember 2016 BMW 320 i M Sportpacket Performance Klimaautomatik Keyless Kurvenlicht Alcantara Sitze Elektrische Sitzwangen verstellung Lenkradheizung Harman/kardon Tansanit Blau 1.Hand Privat Verkauf keine Rücknahme keine Garantie,False,112000,Dezember 2016,Diesel,Manuell
3428130739,Auto BMW 320d,5.100 €,42277 Oberbarmen,https://www.kleinanzeigen.de/s-anzeige/auto-bmw-320d/3428130739-216-1566,Reserviert • Gelöscht • Auto BMW 320d,5.100 €,5100,"Sehr gutes Auto, Motor und Getriebe funktionieren einwandfrei, neue Reifen. Neue TÜV",False,220877,Februar 2011,Diesel,Manuell
3428120956,BMW 320d E93 Cabrio Facelift,13.800 € VB,50389 Wesseling,https://www.kleinanzeigen.de/s-anzeige/bmw-320d-e93-cabrio-facelift/3428120956-216-1391,Reserviert • Gelöscht • BMW 320d E93 Cabrio Facelift,13.800 € VB,13800,"Hiermit verkaufe ich mein Auto den ich vor ein Monat angelegt habe aber gemerkt habe dass Cabrio nichts für mich ist deswegen will ich auf etwas anderes umsteigen. Keine Garantie Keine Rücknahme Privat Verkauf. Auto noch angemeldet kann Probe gefahren werden, wird aber abgemeldet abgegeben.",False,180495,März 2012,Diesel,Automatik
3428118679,BMW 320d F31 (motorproblem),6.000 € VB,45277 Essen-​Ruhrhalbinsel,https://www.kleinanzeigen.de/s-anzeige/bmw-320d-f31-motorproblem-/3428118679-216-2041,Reserviert • Gelöscht • BMW 320d F31 (motorproblem),6.000 € VB,6000,"Hallo Zu verkaufen BMW f31 mit Motorproblem (zweiter Zylinder hat ganz niedrige Kompression, motortausch oder generell Überholung) In meine Händen seit 5/6 Jahren , ölinspektion je 10-15k km durchgeführt. Bei Interesse einfach per pn melden",False,250000,April 2014,Diesel,Automatik
3428094039,BMW 320D E46 EXPORT,1.000 €,53359 Rheinbach,https://www.kleinanzeigen.de/s-anzeige/bmw-320d-e46-export/3428094039-216-1668,Reserviert • Gelöscht • BMW 320D E46 EXPORT,1.000 €,1000,"Guten Tag, hiermit verkaufe ich meinen 320d Compact. Habe ihn damals gekauft, weil ich einen Daily für die Arbeit brauchte. Leider ist der Turbolader defekt und wird nun als Teilespender verkauft. Das Auto hat mal einen Austausch Motor bekommen. Ob das stimmt, weiß ich nicht. Fahrzeug ist ERSTE HAND!! Für Export!! Zur Ausstattung: M-Paket Alcantara ohne Risse Multifunkionslenkrad (Spange wurde gegen eins ohne MFL getauscht) Tempomat Tieferlegung Alarmanlage Fahrzeug hat keine Bremse mehr!! Der Verkauf erfolgt unter Ausschluss jeglicher Sachmängelhaftung!",False,400,Januar 2003,Diesel,Manuell
3428088847,BMW 320d EfficientD. Ed. Touring Luxury Line Lux...,19.850 €,40599 Benrath,https://www.kleinanzeigen.de/s-anzeige/bmw-320d-efficientd-ed-touring-luxury-line-lux-/3428088847-216-2074,Reserviert • Gelöscht • BMW 320d EfficientD. Ed. Touring Luxury Line Lux...,19.850 €,19850,"Zum Verkauf steht mein BMW aus Privatbesitz. Ausstattung / vorhanden: H&R Spurplatten vorne und hinten Winterradsatz original BMW 17 Zoll Sommerradsatz BMW 18 Zoll TÜV bis 03/2027 Letzter Ölwechsel am 13.03.2025 bei 60.172 km Zustand: Optisch gepflegter Zustand Gebrauchsspuren dem Alter entsprechend vorhanden Stoßfänger vorne mit Kratzer Stoßfänger hinten mit Kratzer Sommerfelge vorne rechts verkratzt Hinweise: Fahrzeug ist noch angemeldet Wird regelmäßig bewegt Der Kilometerstand kann sich daher noch geringfügig ändern Verkauf erfolgt von privat unter Ausschluss von Garantie, Gewährleistung und Rücknahme. Bei Interesse gerne melden. Kombi Gebrauchtfahrzeug Unfallfrei Hubraum: 1995 cm³ Anzahl der Türen: 4/5 Türen Anzahl Sitzplätze: 5 Schadstoffklasse: Euro6c Umweltplakette: 4 (Grün) Anzahl der Fahrzeughalter: 3 HU: 3/2027 Farbe: Braun Metallic Farbe (Hersteller): -- Innenausstattung: Vollleder Farbe der Innenausstattung: Beige Airbags: Front-, Seiten- und weitere Airbags Anhängerkupplung: -- Radio: Tuner/Radio Tagfahrlicht (Art): LED-Tagfahrlicht Kurvenlicht (Art): Adaptives Kurvenlicht Ausstattung ABS, Abstandswarner, Alarmanlage, Ambiente-Beleuchtung, Apple CarPlay, Armlehne, Beheizbares Lenkrad, Berganfahrassistent, Bluetooth, Bordcomputer, CD-Spieler, Dachreling, ESP, Elektr. Fensterheber, Elektr. Heckklappe, Elektr. Seitenspiegel, Elektr. Sitzeinstellung, Elektr. Wegfahrsperre, Fernlichtassistent, Freisprecheinrichtung, Gepäckraumabtrennung, Geschwindigkeitsbegrenzer, Head-Up Display, Induktionsladen für Smartphones, Innenspiegel autom. abblendend, Isofix, Lederausstattung, Lederlenkrad, Leichtmetallfelgen, Lichtsensor, Lordosenstütze, Multifunktionslenkrad, Navigationssystem, Nebelscheinwerfer, Nichtraucher-Fahrzeug, Notrufsystem, Partikelfilter, Regensensor, Reifendruckkontrolle, Schaltwippen, Schiebedach, Schlüssellose Zentralverriegelung (Keyless), Servolenkung, Sitzheizung, Sitzheizung hinten, Sommerreifen, Soundsystem, Sportsitze, Sprachsteuerung, Start/Stopp-Automatik, Touchscreen, Traktionskontrolle, USB, Verkehrszeichenerkennung, Volldigitales Kombiinstrument, Winterreifen, Zentralverriegelung Der Preis ist Verhandlungsbasis. Privatanbieter 40599 Düsseldorf Deutschland Inserat bereitgestellt von",False,68150,August 2017,Diesel,Automatik
3428082296,BMW e92 320d ‼️Tüv neu Automatik,7.700 € VB,52477 Alsdorf,https://www.kleinanzeigen.de/s-anzeige/bmw-e92-320d-tuev-neu-automatik/3428082296-216-1714,Reserviert • Gelöscht • BMW e92 320d ‼️Tüv neu Automatik,7.700 € VB,7700,"Ich habe den Wagen schon seit länger als einem Jahr. Der Wagen ist in ein sehr guten Zustand was Motor und Getriebe angeht mit voller Leistung. Das Auto wurde immer gepflegt und warm gefahren. Es ist technisch auch in einem sehr guten Zustand. -Der ganze Querlenker Set habe ich austauschen lassen -Achsenvermessung -Schleifring neu -sowie Öl und Filter vor kurzem gemacht -vorne neue M Stoßstange drauf -Tüv Neu -BMW Felgen hinten 255/40/17 Es wurde mehr als 1500€ rein gesteckt Mängel: Kotflügel nachlackiert Motorkontrolleuchte (Sensor) geht manchmal an und aus ohne jegliche Beeinträchtigung (Aktuell ist nicht an) Besonderheiten: Sogenannte key less Go auf Knopf und key less auto öffnen. Park-Distance-Control (PDC) hinten Optisch sehr sportlich mit m spiegelkappen, Spoiler und schwarz lackierte Felgen Wer ein schönes sparsames sportliches Auto sucht mit frischen tüv bis 2028‼️ E92 Coupé 2010 130 kWh Automatik Diesel Vollledersitze 3ter Besitzer Normale Gebrauchsspuren vorhanden, wie leichte Kratzer am Kotflügel Ohne jegliche Gewährleistung oder Garantie, daher Privatverkauf",False,257850,April 2010,Diesel,Automatik
